Player_ID,Year Group,Race,Vote Percentage,WAR,Induction Hall Of Fame,Group 1 White Vote Percentage,Group 1 Non-White Vote Percentage,Group 2 White Vote Percentage,Group 2 Non-White Vote Percentage,Group 3 White Vote Percentage,Group 3 Non-White Vote Percentage
1,Group 3,White,97.20,85.2,1,97,,,,,
2,Group 3,Non-White,92.90,59.4,1,92,,,,,
3,Group 3,White,89.80,72.9,1,89,,,,,
4,Group 3,White,79.90,28,1,79,,,,,
5,Group 3,Non-White,70.40,68.4,0,70,,,,,
6,Group 3,White,63.50,83,0,63,,,,,
7,Group 3,White,57.30,139.6,0,57,,,,,
8,Group 3,Non-White,56.40,162.8,0,56,,,,,
9,Group 3,White,51.20,79.6,0,51,,,,,
10,Group 3,Non-White,37.00,45.6,0,37,,,,,
11,Group 3,White,34.10,72.7,0,34,,,,,
12,Group 3,Non-White,23.20,52.6,0,23,,,,,
13,Group 3,Non-White,22.00,69.4,0,22,,,,,
14,Group 3,White,14.50,55.4,0,14,,,,,
15,Group 3,White,11.10,27.7,0,11,,,,,
16,Group 3,Non-White,11.10,60.5,0,11,,,,,
17,Group 3,White,10.20,70.2,0,10,,,,,
18,Group 3,Non-White,7.80,58.6,0,7,,,,,
19,Group 3,Non-White,7.30,62.8,0,7,,,,,
20,Group 3,White,2.40,49.9,0,2,,,,,
21,Group 3,Non-White,2.40,51.6,0,2,,,,,
22,Group 3,White,1.90,56.4,0,1,,,,,
23,Group 3,Non-White,0.90,21.2,0,0,,,,,
24,Group 3,White,0.50,34.1,0,0,,,,,
25,Group 3,White,0.50,27.6,0,0,,,,,
26,Group 3,Non-White,0.20,28.3,0,0,,,,,
27,Group 3,Non-White,0.20,30.2,0,0,,,,,
28,Group 3,Non-White,0.00,44,0,0,,,,,
29,Group 3,White,0.00,7.9,0,0,,,,,
30,Group 3,White,0.00,29.8,0,0,,,,,
31,Group 3,White,0.00,20.4,0,0,,,,,
32,Group 3,Non-White,0.00,30.9,0,0,,,,,
33,Group 3,White,0.00,13,0,0,,,,,
34,Group 3,White,86.20,79.9,1,86,,,,,
35,Group 3,Non-White,86.00,69.4,1,86,,,,,
36,Group 3,Non-White,76.00,68.7,1,76,,,,,
37,Group 3,White,74.00,28,0,74,,,,,
38,Group 3,Non-White,71.70,59.4,0,71,,,,,
39,Group 3,Non-White,58.60,68.4,0,58,,,,,
40,Group 3,White,54.10,139.6,0,54,,,,,
41,Group 3,Non-White,53.80,162.8,0,53,,,,,
42,Group 3,White,51.80,83,0,51,,,,,
43,Group 3,White,45.00,79.6,0,45,,,,,
44,Group 3,Non-White,34.20,29,0,34,,,,,
45,Group 3,Non-White,23.80,69.4,0,23,,,,,
46,Group 3,White,21.90,72.7,0,21,,,,,
47,Group 3,Non-White,21.70,52.6,0,21,,,,,
48,Group 3,White,16.70,55.4,0,16,,,,,
49,Group 3,Non-White,13.30,60.5,0,13,,,,,
50,Group 3,White,10.20,27.7,0,10,,,,,
51,Group 3,Non-White,8.60,58.6,0,8,,,,,
52,Group 3,Non-White,3.80,42.8,0,3,,,,,
53,Group 3,Non-White,0.70,38.7,0,0,,,,,
54,Group 3,White,0.50,24.2,0,0,,,,,
55,Group 3,Non-White,0.50,32.3,0,0,,,,,
56,Group 3,White,0.20,34.3,0,0,,,,,
57,Group 3,Non-White,0.00,46.7,0,0,,,,,
58,Group 3,White,0.00,24.9,0,0,,,,,
59,Group 3,White,0.00,14.2,0,0,,,,,
60,Group 3,Non-White,0.00,21.4,0,0,,,,,
61,Group 3,Non-White,0.00,34.6,0,0,,,,,
62,Group 3,Non-White,0.00,15.9,0,0,,,,,
63,Group 3,Non-White,0.00,28.3,0,0,,,,,
64,Group 3,White,0.00,44.9,0,0,,,,,
65,Group 3,Non-White,0.00,15.1,0,0,,,,,
66,Group 3,Non-White,0.00,27.7,0,0,,,,,
67,Group 3,White,0.00,18.9,0,0,,,,,
68,Group 3,Non-White,99.30,83.8,1,99,,,,,
69,Group 3,White,83.00,59.6,1,83,,,,,
70,Group 3,White,71.60,79.9,0,71,,,,,
71,Group 3,Non-White,69.80,69.4,0,69,,,,,
72,Group 3,White,67.30,28,0,67,,,,,
73,Group 3,White,52.30,79.6,0,52,,,,,
74,Group 3,White,45.20,139.6,0,45,,,,,
75,Group 3,Non-White,44.30,162.8,0,44,,,,,
76,Group 3,Non-White,43.40,68.4,0,43,,,,,
77,Group 3,White,43.00,83,0,43,,,,,
78,Group 3,White,40.90,70.7,0,40,,,,,
79,Group 3,Non-White,34.10,29,0,34,,,,,
80,Group 3,Non-White,20.90,52.6,0,20,,,,,
81,Group 3,White,16.60,55.4,0,16,,,,,
82,Group 3,White,15.50,72.7,0,15,,,,,
83,Group 3,White,12.30,62.2,0,12,,,,,
84,Group 3,Non-White,11.60,60.5,0,11,,,,,
85,Group 3,White,10.50,27.7,0,10,,,,,
86,Group 3,Non-White,7.00,58.6,0,7,,,,,
87,Group 3,White,2.50,60.4,0,2,,,,,
88,Group 3,White,1.80,44.2,0,1,,,,,
89,Group 3,White,0.70,24.8,0,0,,,,,
90,Group 3,White,0.50,41.7,0,0,,,,,
91,Group 3,White,0.50,20.9,0,0,,,,,
92,Group 3,White,0.20,25.7,0,0,,,,,
93,Group 3,White,0.00,27.6,0,0,,,,,
94,Group 3,White,0.00,26.5,0,0,,,,,
95,Group 3,White,0.00,24.9,0,0,,,,,
96,Group 3,Non-White,0.00,29.1,0,0,,,,,
97,Group 3,White,0.00,38,0,0,,,,,
98,Group 3,White,0.00,28.3,0,0,,,,,
99,Group 3,White,0.00,16.5,0,0,,,,,
100,Group 3,White,97.30,101.1,1,97,,,,,
101,Group 3,Non-White,91.10,84,1,91,,,,,
102,Group 3,White,82.90,69.1,1,82,,,,,
103,Group 3,White,82.70,65.5,1,82,,,,,
104,Group 3,White,69.90,59.6,0,69,,,,,
105,Group 3,White,55.70,79.9,0,55,,,,,
106,Group 3,Non-White,55.00,69.4,0,55,,,,,
107,Group 3,White,39.20,79.6,0,39,,,,,
108,Group 3,White,37.50,139.6,0,37,,,,,
109,Group 3,Non-White,36.80,162.8,0,36,,,,,
110,Group 3,Non-White,30.20,29,0,30,,,,,
111,Group 3,Non-White,27.00,68.4,0,27,,,,,
112,Group 3,White,25.10,70.7,0,25,,,,,
113,Group 3,White,24.60,83,0,24,,,,,
114,Group 3,White,14.00,55.4,0,14,,,,,
115,Group 3,Non-White,12.90,52.6,0,12,,,,,
116,Group 3,White,11.80,72.7,0,11,,,,,
117,Group 3,Non-White,11.70,60.5,0,11,,,,,
118,Group 3,White,10.00,62.2,0,10,,,,,
119,Group 3,White,9.10,42.4,0,9,,,,,
120,Group 3,Non-White,6.60,58.6,0,6,,,,,
121,Group 3,Non-White,5.50,44.2,0,5,,,,,
122,Group 3,Non-White,3.80,44.4,0,3,,,,,
123,Group 3,White,0.70,17.1,0,0,,,,,
124,Group 3,White,0.40,13.5,0,0,,,,,
125,Group 3,Non-White,0.40,34.9,0,0,,,,,
126,Group 3,White,0.20,32.4,0,0,,,,,
127,Group 3,White,0.00,51.1,0,0,,,,,
128,Group 3,Non-White,0.00,13.3,0,0,,,,,
129,Group 3,Non-White,0.00,26,0,0,,,,,
130,Group 3,Non-White,0.00,12.4,0,0,,,,,
131,Group 3,Non-White,0.00,20.3,0,0,,,,,
132,Group 3,Non-White,0.00,18.2,0,0,,,,,
133,Group 3,White,0.00,29.6,0,0,,,,,
134,Group 3,White,97.20,106.7,1,97,,,,,
135,Group 3,White,91.90,80.8,1,91,,,,,
136,Group 3,Non-White,83.70,73.9,1,83,,,,,
137,Group 3,White,74.80,65.5,0,74,,,,,
138,Group 3,White,62.20,59.6,0,62,,,,,
139,Group 3,White,61.50,43.9,0,61,,,,,
140,Group 3,White,54.30,79.9,0,54,,,,,
141,Group 3,Non-White,46.10,69.4,0,46,,,,,
142,Group 3,White,35.40,139.6,0,35,,,,,
143,Group 3,Non-White,34.70,162.8,0,34,,,,,
144,Group 3,Non-White,29.90,29,0,29,,,,,
145,Group 3,White,29.20,79.6,0,29,,,,,
146,Group 3,Non-White,25.20,68.4,0,25,,,,,
147,Group 3,White,20.80,70.7,0,20,,,,,
148,Group 3,White,20.30,83,0,20,,,,,
149,Group 3,White,15.20,55.4,0,15,,,,,
150,Group 3,Non-White,11.70,52.6,0,11,,,,,
151,Group 3,White,11.00,62.2,0,11,,,,,
152,Group 3,White,10.20,72.7,0,10,,,,,
153,Group 3,White,8.20,42.4,0,8,,,,,
154,Group 3,Non-White,7.20,58.6,0,7,,,,,
155,Group 3,Non-White,4.40,71.9,0,4,,,,,
156,Group 3,Non-White,1.10,21,0,1,,,,,
157,Group 3,Non-White,1.10,39.9,0,1,,,,,
158,Group 3,Non-White,0.90,51.8,0,0,,,,,
159,Group 3,White,0.40,11.7,0,0,,,,,
160,Group 3,White,0.40,11,0,0,,,,,
161,Group 3,White,0.20,50.7,0,0,,,,,
162,Group 3,Non-White,0.20,17.4,0,0,,,,,
163,Group 3,Non-White,0.20,11.6,0,0,,,,,
164,Group 3,White,0.00,10.3,0,0,,,,,
165,Group 3,White,0.00,18,0,0,,,,,
166,Group 3,White,0.00,19.1,0,0,,,,,
167,Group 3,Non-White,0.00,17.9,0,0,,,,,
168,Group 3,White,0.00,16.5,0,0,,,,,
169,Group 3,White,0.00,33.8,0,0,,,,,
170,Group 3,White,68.20,65.5,0,68,,,,,
171,Group 3,White,67.70,43.9,0,67,,,,,
172,Group 3,White,59.60,79.9,0,59,,,,,
173,Group 3,White,57.80,59.6,0,57,,,,,
174,Group 3,Non-White,52.20,69.4,0,52,,,,,
175,Group 3,Non-White,47.80,29,0,47,,,,,
176,Group 3,White,38.80,79.6,0,38,,,,,
177,Group 3,White,37.60,139.6,0,37,,,,,
178,Group 3,Non-White,36.20,162.8,0,36,,,,,
179,Group 3,Non-White,35.90,68.4,0,35,,,,,
180,Group 3,White,33.60,70.7,0,33,,,,,
181,Group 3,White,21.60,72.7,0,21,,,,,
182,Group 3,Non-White,20.70,52.6,0,20,,,,,
183,Group 3,White,18.60,46.5,0,18,,,,,
184,Group 3,White,16.90,62.2,0,16,,,,,
185,Group 3,White,13.20,42.4,0,13,,,,,
186,Group 3,Non-White,12.50,58.6,0,12,,,,,
187,Group 3,Non-White,8.80,71.9,0,8,,,,,
188,Group 3,Non-White,3.30,49.6,0,3,,,,,
189,Group 3,Non-White,3.20,68.3,0,3,,,,,
190,Group 3,Non-White,2.80,13.7,0,2,,,,,
191,Group 3,Non-White,1.10,43.5,0,1,,,,,
192,Group 3,White,0.90,53.6,0,0,,,,,
193,Group 3,White,0.70,44.3,0,0,,,,,
194,Group 3,White,0.40,34.7,0,0,,,,,
195,Group 3,White,0.20,20.3,0,0,,,,,
196,Group 3,Non-White,0.00,39.8,0,0,,,,,
197,Group 3,White,0.00,34.5,0,0,,,,,
198,Group 3,Non-White,0.00,11.5,0,0,,,,,
199,Group 3,White,0.00,10.5,0,0,,,,,
200,Group 3,Non-White,0.00,19.6,0,0,,,,,
201,Group 3,White,0.00,19.5,0,0,,,,,
202,Group 3,White,0.00,27,0,0,,,,,
203,Group 3,Non-White,0.00,18.5,0,0,,,,,
204,Group 3,White,0.00,14.3,0,0,,,,,
205,Group 3,White,0.00,30.3,0,0,,,,,
206,Group 3,White,0.00,28.3,0,0,,,,,
207,Group 3,Non-White,86.40,70.4,1,86,,,,,
208,Group 3,White,66.70,43.9,0,66,,,,,
209,Group 3,White,56.00,79.9,0,56,,,,,
210,Group 3,Non-White,50.60,29,0,50,,,,,
211,Group 3,Non-White,48.70,69.4,0,48,,,,,
212,Group 3,White,36.80,70.7,0,36,,,,,
213,Group 3,Non-White,36.50,68.4,0,36,,,,,
214,Group 3,Non-White,23.90,52.6,0,23,,,,,
215,Group 3,White,22.90,72.7,0,22,,,,,
216,Group 3,White,19.50,62.2,0,19,,,,,
217,Group 3,White,17.80,42.4,0,17,,,,,
218,Group 3,White,14.50,46.5,0,14,,,,,
219,Group 3,Non-White,12.60,71.9,0,12,,,,,
220,Group 3,Non-White,9.60,49.6,0,9,,,,,
221,Group 3,Non-White,4.00,38.7,0,4,,,,,
222,Group 3,Non-White,1.00,19.4,0,1,,,,,
223,Group 3,White,0.90,40.6,0,0,,,,,
224,Group 3,White,0.70,23.9,0,0,,,,,
225,Group 3,White,0.30,45.4,0,0,,,,,
226,Group 3,White,0.20,18.8,0,0,,,,,
227,Group 3,Non-White,0.20,29.7,0,0,,,,,
228,Group 3,White,0.00,19.8,0,0,,,,,
229,Group 3,White,0.00,32.9,0,0,,,,,
230,Group 3,White,0.00,2.4,0,0,,,,,
231,Group 3,White,0.00,11.1,0,0,,,,,
232,Group 3,Non-White,0.00,16.8,0,0,,,,,
233,Group 3,White,0.00,15.9,0,0,,,,,
234,Group 3,Non-White,90.00,67.1,1,90,,,,,
235,Group 3,White,79.70,95,1,79,,,,,
236,Group 3,Non-White,62.10,70.4,0,62,,,,,
237,Group 3,White,53.50,43.9,0,53,,,,,
238,Group 3,Non-White,45.30,29,0,45,,,,,
239,Group 3,White,41.70,79.9,0,41,,,,,
240,Group 3,Non-White,37.50,69.4,0,37,,,,,
241,Group 3,Non-White,32.90,68.4,0,32,,,,,
242,Group 3,White,24.30,70.7,0,24,,,,,
243,Group 3,White,20.30,72.7,0,20,,,,,
244,Group 3,White,19.80,62.2,0,19,,,,,
245,Group 3,Non-White,17.90,52.6,0,17,,,,,
246,Group 3,Non-White,15.30,40.1,0,15,,,,,
247,Group 3,White,13.60,42.4,0,13,,,,,
248,Group 3,White,12.60,46.5,0,12,,,,,
249,Group 3,Non-White,11.00,71.9,0,11,,,,,
250,Group 3,Non-White,5.20,38.7,0,5,,,,,
251,Group 3,Non-White,4.80,38.7,0,4,,,,,
252,Group 3,Non-White,4.60,23.5,0,4,,,,,
253,Group 3,White,2.10,68,0,2,,,,,
254,Group 3,Non-White,1.00,29,0,1,,,,,
255,Group 3,White,0.70,58.2,0,0,,,,,
256,Group 3,White,0.70,40.1,0,0,,,,,
257,Group 3,White,0.70,29.6,0,0,,,,,
258,Group 3,White,0.30,34.4,0,0,,,,,
259,Group 3,White,0.20,22.8,0,0,,,,,
260,Group 3,Non-White,0.20,27.3,0,0,,,,,
261,Group 3,Non-White,0.00,29.5,0,0,,,,,
262,Group 3,Non-White,0.00,19.6,0,0,,,,,
263,Group 3,White,0.00,22.6,0,0,,,,,
264,Group 3,White,0.00,23.1,0,0,,,,,
265,Group 3,Non-White,0.00,1.7,0,0,,,,,
266,Group 3,White,0.00,16.4,0,0,,,,,
267,Group 3,Non-White,77.90,64.8,1,77,,,,,
268,Group 3,White,74.20,95,0,74,,,,,
269,Group 3,Non-White,73.70,67.1,0,73,,,,,
270,Group 3,White,52.30,43.9,0,52,,,,,
271,Group 3,Non-White,51.60,70.4,0,51,,,,,
272,Group 3,Non-White,47.30,29,0,47,,,,,
273,Group 3,Non-White,36.20,68.4,0,36,,,,,
274,Group 3,Non-White,30.40,69.4,0,30,,,,,
275,Group 3,White,23.70,62.2,0,23,,,,,
276,Group 3,White,22.40,70.7,0,22,,,,,
277,Group 3,Non-White,21.50,52.6,0,21,,,,,
278,Group 3,White,16.10,42.4,0,16,,,,,
279,Group 3,Non-White,15.20,40.1,0,15,,,,,
280,Group 3,White,11.70,46.5,0,11,,,,,
281,Group 3,Non-White,6.10,38.7,0,6,,,,,
282,Group 3,White,4.10,31.7,0,4,,,,,
283,Group 3,White,1.30,56.1,0,1,,,,,
284,Group 3,White,0.40,10.4,0,0,,,,,
285,Group 3,White,0.40,49.8,0,0,,,,,
286,Group 3,White,0.20,54.7,0,0,,,,,
287,Group 3,White,0.20,32.7,0,0,,,,,
288,Group 3,White,0.20,10.4,0,0,,,,,
289,Group 3,White,0.00,18.9,0,0,,,,,
290,Group 3,White,0.00,19.5,0,0,,,,,
291,Group 3,White,0.00,17.8,0,0,,,,,
292,Group 3,Non-White,0.00,38.2,0,0,,,,,
293,Group 3,Non-White,94.80,111.2,1,94,,,,,
294,Group 3,Non-White,76.40,47.7,1,76,,,,,
295,Group 3,Non-White,67.00,64.8,0,67,,,,,
296,Group 3,White,62.70,95,0,62,,,,,
297,Group 3,Non-White,44.50,29,0,44,,,,,
298,Group 3,White,44.00,43.9,0,44,,,,,
299,Group 3,White,31.70,62,0,31,,,,,
300,Group 3,Non-White,22.60,69.4,0,22,,,,,
301,Group 3,White,21.90,62.2,0,21,,,,,
302,Group 3,White,17.40,70.7,0,17,,,,,
303,Group 3,Non-White,15.00,40.1,0,15,,,,,
304,Group 3,White,11.90,42.4,0,11,,,,,
305,Group 3,White,11.50,46.5,0,11,,,,,
306,Group 3,Non-White,5.90,38.7,0,5,,,,,
307,Group 3,White,4.10,46.4,0,4,,,,,
308,Group 3,White,3.90,62.4,0,3,,,,,
309,Group 3,White,1.30,46.6,0,1,,,,,
310,Group 3,Non-White,1.10,27.2,0,1,,,,,
311,Group 3,White,0.40,37.2,0,0,,,,,
312,Group 3,Non-White,0.20,23.2,0,0,,,,,
313,Group 3,Non-White,0.00,30.8,0,0,,,,,
314,Group 3,White,0.00,34.1,0,0,,,,,
315,Group 3,White,0.00,17,0,0,,,,,
316,Group 3,White,85.80,41.4,1,85,,,,,
317,Group 3,Non-White,72.20,47.7,0,72,,,,,
318,Group 3,Non-White,65.90,64.8,0,65,,,,,
319,Group 3,White,61.90,95,0,61,,,,,
320,Group 3,Non-White,43.30,29,0,43,,,,,
321,Group 3,White,42.90,43.9,0,42,,,,,
322,Group 3,White,29.10,62,0,29,,,,,
323,Group 3,Non-White,24.30,69.4,0,24,,,,,
324,Group 3,White,23.60,62.2,0,23,,,,,
325,Group 3,White,18.20,70.7,0,18,,,,,
326,Group 3,White,16.20,40.1,0,16,,,,,
327,Group 3,White,15.80,42.4,0,15,,,,,
328,Group 3,Non-White,15.10,40.1,0,15,,,,,
329,Group 3,White,13.80,46.5,0,13,,,,,
330,Group 3,Non-White,5.20,38.7,0,5,,,,,
331,Group 3,White,0.40,15,0,0,,,,,
332,Group 3,White,0.40,34.4,0,0,,,,,
333,Group 3,White,0.40,11.4,0,0,,,,,
334,Group 3,White,0.20,58.1,0,0,,,,,
335,Group 3,White,0.20,40.6,0,0,,,,,
336,Group 3,White,0.20,23,0,0,,,,,
337,Group 3,White,0.20,44.8,0,0,,,,,
338,Group 3,Non-White,0.20,11.5,0,0,,,,,
339,Group 3,Non-White,0.00,36.6,0,0,,,,,
340,Group 3,White,0.00,35,0,0,,,,,
341,Group 3,White,98.50,95.9,1,98,,,,,
342,Group 3,Non-White,97.60,69.2,1,97,,,,,
343,Group 3,White,71.20,41.4,0,71,,,,,
344,Group 3,Non-White,63.50,47.7,0,63,,,,,
345,Group 3,Non-White,56.70,64.8,0,56,,,,,
346,Group 3,White,47.70,95,0,47,,,,,
347,Group 3,Non-White,39.80,29,0,39,,,,,
348,Group 3,White,37.10,43.9,0,37,,,,,
349,Group 3,White,23.50,62.2,0,23,,,,,
350,Group 3,White,22.90,62,0,22,,,,,
351,Group 3,White,21.10,38.1,0,21,,,,,
352,Group 3,Non-White,13.60,40.1,0,13,,,,,
353,Group 3,White,13.40,70.7,0,13,,,,,
354,Group 3,Non-White,11.40,40.1,0,11,,,,,
355,Group 3,White,9.90,42.4,0,9,,,,,
356,Group 3,White,9.20,46.5,0,9,,,,,
357,Group 3,Non-White,5.30,38.7,0,5,,,,,
358,Group 3,White,4.40,56.3,0,4,,,,,
359,Group 3,Non-White,3.50,40.1,0,3,,,,,
360,Group 3,White,2.20,38.9,0,2,,,,,
361,Group 3,White,1.30,59,0,1,,,,,
362,Group 3,Non-White,1.10,42.5,0,1,,,,,
363,Group 3,Non-White,0.70,45.3,0,0,,,,,
364,Group 3,Non-White,0.60,36.1,0,0,,,,,
365,Group 3,White,0.60,5.7,0,0,,,,,
366,Group 3,White,0.40,33.5,0,0,,,,,
367,Group 3,Non-White,0.40,30.3,0,0,,,,,
368,Group 3,White,0.20,23,0,0,,,,,
369,Group 3,Non-White,0.00,47.3,0,0,,,,,
370,Group 3,White,0.00,14.8,0,0,,,,,
371,Group 3,White,0.00,15.7,0,0,,,,,
372,Group 3,White,0.00,35.8,0,0,,,,,
373,Group 3,White,76.90,24.2,1,76,,,,,
374,Group 3,Non-White,64.80,47.7,0,64,,,,,
375,Group 3,White,64.60,41.4,0,64,,,,,
376,Group 3,Non-White,61.00,64.8,0,61,,,,,
377,Group 3,White,53.30,95,0,53,,,,,
378,Group 3,Non-White,45.00,29,0,45,,,,,
379,Group 3,White,41.20,43.9,0,41,,,,,
380,Group 3,White,29.60,62,0,29,,,,,
381,Group 3,White,26.00,38.1,0,26,,,,,
382,Group 3,White,17.70,70.7,0,17,,,,,
383,Group 3,Non-White,14.60,40.1,0,14,,,,,
384,Group 3,Non-White,12.50,40.1,0,12,,,,,
385,Group 3,White,12.30,42.4,0,12,,,,,
386,Group 3,White,11.20,56.3,0,11,,,,,
387,Group 3,White,10.80,46.5,0,10,,,,,
388,Group 3,Non-White,7.70,40.1,0,7,,,,,
389,Group 3,White,4.40,56.5,0,4,,,,,
390,Group 3,Non-White,3.30,53,0,3,,,,,
391,Group 3,White,2.30,34.2,0,2,,,,,
392,Group 3,Non-White,1.00,20.9,0,1,,,,,
393,Group 3,White,1.00,13.4,0,1,,,,,
394,Group 3,White,0.80,19.3,0,0,,,,,
395,Group 3,White,0.80,42.1,0,0,,,,,
396,Group 3,Non-White,0.60,21.9,0,0,,,,,
397,Group 3,White,0.40,21.5,0,0,,,,,
398,Group 3,White,0.40,19.6,0,0,,,,,
399,Group 3,White,0.20,16.5,0,0,,,,,
400,Group 3,Non-White,0.00,28.6,0,0,,,,,
401,Group 3,White,0.00,11.2,0,0,,,,,
402,Group 3,White,91.90,91.4,1,91,,,,,
403,Group 3,White,76.20,68,1,76,,,,,
404,Group 3,White,66.70,24.2,0,66,,,,,
405,Group 3,Non-White,59.50,47.7,0,59,,,,,
406,Group 3,White,55.20,41.4,0,55,,,,,
407,Group 3,Non-White,52.30,64.8,0,52,,,,,
408,Group 3,White,40.90,95,0,40,,,,,
409,Group 3,Non-White,38.80,29,0,38,,,,,
410,Group 3,White,33.30,43.9,0,33,,,,,
411,Group 3,White,23.80,62,0,23,,,,,
412,Group 3,White,20.50,38.1,0,20,,,,,
413,Group 3,White,16.90,70.7,0,16,,,,,
414,Group 3,Non-White,12.60,40.1,0,12,,,,,
415,Group 3,White,11.40,42.4,0,11,,,,,
416,Group 3,Non-White,10.70,40.1,0,10,,,,,
417,Group 3,White,10.50,46.5,0,10,,,,,
418,Group 3,White,5.00,34.2,0,5,,,,,
419,Group 3,White,2.50,19.7,0,2,,,,,
420,Group 3,Non-White,1.20,42.2,0,1,,,,,
421,Group 3,White,0.80,28,0,0,,,,,
422,Group 3,Non-White,0.60,38.2,0,0,,,,,
423,Group 3,White,0.40,20.6,0,0,,,,,
424,Group 3,White,0.40,41.3,0,0,,,,,
425,Group 3,White,0.20,28,0,0,,,,,
426,Group 3,White,0.20,50.9,0,0,,,,,
427,Group 3,White,0.00,50.3,0,0,,,,,
428,Group 3,White,0.00,16.6,0,0,,,,,
429,Group 3,White,85.20,75.7,1,85,,,,,
430,Group 3,White,83.20,62.4,1,83,,,,,
431,Group 3,White,61.10,68,0,61,,,,,
432,Group 3,White,59.50,24.2,0,59,,,,,
433,Group 3,Non-White,54.50,47.7,0,54,,,,,
434,Group 3,Non-White,50.00,64.8,0,50,,,,,
435,Group 3,White,40.70,41.4,0,40,,,,,
436,Group 3,Non-White,36.60,29,0,36,,,,,
437,Group 3,White,35.40,95,0,35,,,,,
438,Group 3,White,26.30,43.9,0,26,,,,,
439,Group 3,White,24.30,38.1,0,24,,,,,
440,Group 3,White,21.90,62,0,21,,,,,
441,Group 3,White,13.80,70.7,0,13,,,,,
442,Group 3,White,12.80,42.4,0,12,,,,,
443,Group 3,Non-White,11.30,40.1,0,11,,,,,
444,Group 3,Non-White,10.50,40.1,0,10,,,,,
445,Group 3,White,8.50,46.5,0,8,,,,,
446,Group 3,Non-White,4.30,60.4,0,4,,,,,
447,Group 3,Non-White,3.80,41.6,0,3,,,,,
448,Group 3,Non-White,3.80,19.6,0,3,,,,,
449,Group 3,Non-White,3.20,49,0,3,,,,,
450,Group 3,White,1.40,56.7,0,1,,,,,
451,Group 3,White,0.60,13.2,0,0,,,,,
452,Group 3,White,0.60,49.1,0,0,,,,,
453,Group 3,White,0.40,29.3,0,0,,,,,
454,Group 3,Non-White,0.40,17,0,0,,,,,
455,Group 3,White,0.40,29.1,0,0,,,,,
456,Group 3,White,0.20,15.3,0,0,,,,,
457,Group 3,White,0.20,28.5,0,0,,,,,
458,Group 3,Non-White,0.20,17.2,0,0,,,,,
459,Group 3,White,0.00,20.9,0,0,,,,,
460,Group 3,White,0.00,39.8,0,0,,,,,
461,Group 3,Non-White,85.30,68.7,1,85,,,,,
462,Group 3,Non-White,78.00,70.1,1,78,,,,,
463,Group 3,White,53.60,24.2,0,53,,,,,
464,Group 3,Non-White,52.20,47.7,0,52,,,,,
465,Group 3,Non-White,50.00,64.8,0,50,,,,,
466,Group 3,White,49.20,68,0,49,,,,,
467,Group 3,Non-White,42.30,29,0,42,,,,,
468,Group 3,White,42.10,41.4,0,42,,,,,
469,Group 3,White,29.20,95,0,29,,,,,
470,Group 3,White,27.80,38.1,0,27,,,,,
471,Group 3,White,26.20,50.7,0,26,,,,,
472,Group 3,White,23.40,62,0,23,,,,,
473,Group 3,White,22.80,43.9,0,22,,,,,
474,Group 3,White,14.10,70.7,0,14,,,,,
475,Group 3,White,13.70,42.4,0,13,,,,,
476,Group 3,White,11.70,46.5,0,11,,,,,
477,Group 3,Non-White,11.10,40.1,0,11,,,,,
478,Group 3,Non-White,10.30,40.1,0,10,,,,,
479,Group 3,Non-White,6.20,41.6,0,6,,,,,
480,Group 3,Non-White,6.00,60.4,0,6,,,,,
481,Group 3,White,1.40,20.2,0,1,,,,,
482,Group 3,White,0.60,12.5,0,0,,,,,
483,Group 3,White,0.40,21.8,0,0,,,,,
484,Group 3,Non-White,0.40,32.8,0,0,,,,,
485,Group 3,Non-White,0.40,24.7,0,0,,,,,
486,Group 3,White,0.40,49.7,0,0,,,,,
487,Group 3,White,0.20,7.9,0,0,,,,,
488,Group 3,White,0.20,23,0,0,,,,,
489,Group 3,White,0.20,23.3,0,0,,,,,
490,Group 3,White,0.00,29.4,0,0,,,,,
491,Group 3,White,0.00,7.4,0,0,,,,,
492,Group 3,White,0.00,10.9,0,0,,,,,
493,Group 3,Non-White,0.00,17.3,0,0,,,,,
494,Group 3,Non-White,91.70,76.9,1,91,,,,,
495,Group 3,Non-White,72.70,70.1,0,72,,,,,
496,Group 3,Non-White,55.10,47.7,0,55,,,,,
497,Group 3,White,50.40,24.2,0,50,,,,,
498,Group 3,Non-White,45.30,64.8,0,45,,,,,
499,Group 3,White,43.00,41.4,0,43,,,,,
500,Group 3,White,28.40,38.1,0,28,,,,,
501,Group 3,White,26.90,62,0,26,,,,,
502,Group 3,White,26.30,95,0,26,,,,,
503,Group 3,White,23.10,50.7,0,23,,,,,
504,Group 3,White,20.60,43.9,0,20,,,,,
505,Group 3,White,20.30,42.4,0,20,,,,,
506,Group 3,Non-White,18.00,66.5,0,18,,,,,
507,Group 3,White,15.70,70.7,0,15,,,,,
508,Group 3,White,14.80,46.5,0,14,,,,,
509,Group 3,Non-White,14.00,40.1,0,14,,,,,
510,Group 3,Non-White,11.90,40.1,0,11,,,,,
511,Group 3,Non-White,6.10,60.4,0,6,,,,,
512,Group 3,White,4.90,48.1,0,4,,,,,
513,Group 3,White,4.90,26.5,0,4,,,,,
514,Group 3,White,0.40,25.8,0,0,,,,,
515,Group 3,Non-White,0.40,47.2,0,0,,,,,
516,Group 3,White,0.20,38.5,0,0,,,,,
517,Group 3,White,0.20,42.5,0,0,,,,,
518,Group 3,White,0.00,14.8,0,0,,,,,
519,Group 3,White,0.00,12.9,0,0,,,,,
520,Group 3,White,0.00,33.9,0,0,,,,,
521,Group 3,White,0.00,27.8,0,0,,,,,
522,Group 3,Non-White,84.50,64.2,1,84,,,,,
523,Group 3,Non-White,82.10,51.1,1,82,,,,,
524,Group 3,Non-White,64.90,70.1,0,64,,,,,
525,Group 3,Non-White,57.90,47.7,0,57,,,,,
526,Group 3,White,47.60,24.2,0,47,,,,,
527,Group 3,White,44.30,41.4,0,44,,,,,
528,Group 3,White,34.20,38.1,0,34,,,,,
529,Group 3,White,28.30,62,0,28,,,,,
530,Group 3,White,28.20,42.4,0,28,,,,,
531,Group 3,White,26.20,50.7,0,26,,,,,
532,Group 3,White,23.50,95,0,23,,,,,
533,Group 3,White,19.60,43.9,0,19,,,,,
534,Group 3,White,18.10,46.5,0,18,,,,,
535,Group 3,Non-White,16.30,40.1,0,16,,,,,
536,Group 3,Non-White,14.40,40.1,0,14,,,,,
537,Group 3,Non-White,12.20,66.5,0,12,,,,,
538,Group 3,Non-White,8.00,60.4,0,8,,,,,
539,Group 3,Non-White,7.40,26.5,0,7,,,,,
540,Group 3,White,5.20,48.1,0,5,,,,,
541,Group 3,Non-White,2.90,75.1,0,2,,,,,
542,Group 3,Non-White,2.50,38.4,0,2,,,,,
543,Group 3,White,1.70,39.5,0,1,,,,,
544,Group 3,White,1.20,23,0,1,,,,,
545,Group 3,White,0.40,21.5,0,0,,,,,
546,Group 3,White,0.20,12,0,0,,,,,
547,Group 3,White,0.20,25.1,0,0,,,,,
548,Group 3,White,0.20,19.7,0,0,,,,,
549,Group 3,Non-White,0.20,36.6,0,0,,,,,
550,Group 3,White,0.20,14.6,0,0,,,,,
551,Group 3,White,0.20,19.8,0,0,,,,,
552,Group 3,White,0.00,22.2,0,0,,,,,
553,Group 3,White,0.00,41.3,0,0,,,,,
554,Group 3,White,79.60,68.5,1,79,,,,,
555,Group 3,Non-White,77.20,54,1,77,,,,,
556,Group 3,Non-White,51.50,47.7,0,51,,,,,
557,Group 3,Non-White,49.70,70.1,0,49,,,,,
558,Group 3,White,38.50,24.2,0,38,,,,,
559,Group 3,White,33.30,41.4,0,33,,,,,
560,Group 3,White,32.10,38.1,0,32,,,,,
561,Group 3,White,27.10,62,0,27,,,,,
562,Group 3,White,25.10,50.7,0,25,,,,,
563,Group 3,White,23.20,46.5,0,23,,,,,
564,Group 3,White,22.20,43.9,0,22,,,,,
565,Group 3,Non-White,20.80,40.1,0,20,,,,,
566,Group 3,White,17.40,95,0,17,,,,,
567,Group 3,Non-White,17.20,66.5,0,17,,,,,
568,Group 3,Non-White,13.40,40.1,0,13,,,,,
569,Group 3,Non-White,10.40,60.4,0,10,,,,,
570,Group 3,White,8.80,48.1,0,8,,,,,
571,Group 3,White,4.80,18.7,0,4,,,,,
572,Group 3,White,4.20,27.4,0,4,,,,,
573,Group 3,White,2.00,46.1,0,2,,,,,
574,Group 3,White,1.80,34,0,1,,,,,
575,Group 3,White,1.00,38.6,0,1,,,,,
576,Group 3,White,0.80,38.5,0,0,,,,,
577,Group 3,White,0.40,25.7,0,0,,,,,
578,Group 3,Non-White,0.40,27.6,0,0,,,,,
579,Group 3,White,0.20,23.5,0,0,,,,,
580,Group 3,White,0.20,34.3,0,0,,,,,
581,Group 3,White,0.20,43.8,0,0,,,,,
582,Group 3,Non-White,0.20,38.5,0,0,,,,,
583,Group 3,White,0.00,13,0,0,,,,,
584,Group 2,White,98.80,81.8,1,98,,81.8,,,
585,Group 2,White,98.20,88.7,1,98,,88.7,,,
586,Group 2,White,77.50,77.3,1,77,,77.3,,,
587,Group 2,White,66.40,68.5,0,66,,68.5,,,
588,Group 2,Non-White,60.80,54,0,60,,,54,,
589,Group 2,White,33.80,70.1,0,33,,70.1,,,
590,Group 2,White,30.20,38.1,0,30,,38.1,,,
591,Group 2,Non-White,29.40,47.7,0,29,,,47.7,,
592,Group 2,White,24.30,24.2,0,24,,24.2,,,
593,Group 2,White,20.10,50.7,0,20,,50.7,,,
594,Group 2,White,19.30,46.5,0,19,,46.5,,,
595,Group 2,White,18.70,62,0,18,,62,,,
596,Group 2,Non-White,16.10,40.1,0,16,,,40.1,,
597,Group 2,White,14.70,50.5,0,14,,50.5,,,
598,Group 2,White,14.10,95,0,14,,95,,,
599,Group 2,Non-White,11.90,40.1,0,11,,,40.1,,
600,Group 2,Non-White,10.70,66.5,0,10,,,66.5,,
601,Group 2,Non-White,6.80,60.4,0,6,,,60.4,,
602,Group 2,White,6.20,48.1,0,6,,48.1,,,
603,Group 2,White,5.40,27.4,0,5,,27.4,,,
604,Group 2,White,5.20,48.3,0,5,,48.3,,,
605,Group 2,White,3.60,67.1,0,3,,67.1,,,
606,Group 2,White,1.20,20,0,1,,20,,,
607,Group 2,Non-White,0.20,42.1,0,0,,,42.1,,
608,Group 2,White,0.00,31.4,0,0,,31.4,,,
609,Group 2,White,0.00,33.5,0,0,,33.5,,,
610,Group 2,Non-White,0.00,57.6,0,0,,,57.6,,
611,Group 2,White,0.00,21.8,0,0,,21.8,,,
612,Group 2,White,81.60,67,1,81,,67,,,
613,Group 2,Non-White,67.90,54,0,67,,,54,,
614,Group 2,White,43.10,70.5,0,43,,70.5,,,
615,Group 2,Non-White,42.90,47.7,0,42,,,47.7,,
616,Group 2,White,42.30,70.1,0,42,,70.1,,,
617,Group 2,White,41.20,38.1,0,41,,38.1,,,
618,Group 2,White,31.10,24.2,0,31,,24.2,,,
619,Group 2,White,27.30,50.7,0,27,,50.7,,,
620,Group 2,White,27.30,62,0,27,,62,,,
621,Group 2,White,24.50,40.1,0,24,,40.1,,,
622,Group 2,White,17.50,95,0,17,,95,,,
623,Group 2,Non-White,16.90,40.1,0,16,,,40.1,,
624,Group 2,White,16.10,50.5,0,16,,50.5,,,
625,Group 2,Non-White,13.10,66.5,0,13,,,66.5,,
626,Group 2,Non-White,10.80,60.4,0,10,,,60.4,,
627,Group 2,White,10.40,67.1,0,10,,67.1,,,
628,Group 2,White,8.20,48.3,0,8,,48.3,,,
629,Group 2,White,7.80,48.1,0,7,,48.1,,,
630,Group 2,White,5.50,27.4,0,5,,27.4,,,
631,Group 2,White,1.50,53.1,0,1,,53.1,,,
632,Group 2,Non-White,1.30,34.5,0,1,,,34.5,,
633,Group 2,White,1.10,65.9,0,1,,65.9,,,
634,Group 2,White,0.60,40.4,0,0,,40.4,,,
635,Group 2,White,0.40,26,0,0,,26,,,
636,Group 2,White,0.40,51.5,0,0,,51.5,,,
637,Group 2,White,0.20,25.1,0,0,,25.1,,,
638,Group 2,White,80.30,96.2,1,80,,96.2,,,
639,Group 2,White,73.20,67,0,73,,67,,,
640,Group 2,Non-White,66.00,54,0,66,,,54,,
641,Group 2,White,39.30,70.5,0,39,,70.5,,,
642,Group 2,Non-White,37.60,47.7,0,37,,,47.7,,
643,Group 2,White,35.30,38.1,0,35,,38.1,,,
644,Group 2,White,27.50,24.2,0,27,,24.2,,,
645,Group 2,White,22.60,50.7,0,22,,50.7,,,
646,Group 2,White,22.20,57.6,0,22,,57.6,,,
647,Group 2,White,20.50,62,0,20,,62,,,
648,Group 2,White,17.80,50.5,0,17,,50.5,,,
649,Group 2,White,17.50,40.1,0,17,,40.1,,,
650,Group 2,White,16.70,58.7,0,16,,58.7,,,
651,Group 2,Non-White,12.70,40.1,0,12,,,40.1,,
652,Group 2,Non-White,11.20,66.5,0,11,,,66.5,,
653,Group 2,Non-White,9.50,60.4,0,9,,,60.4,,
654,Group 2,White,7.20,48.3,0,7,,48.3,,,
655,Group 2,White,6.60,48.1,0,6,,48.1,,,
656,Group 2,White,5.90,27.4,0,5,,27.4,,,
657,Group 2,White,5.90,67.1,0,5,,67.1,,,
658,Group 2,White,4.70,68,0,4,,68,,,
659,Group 2,White,4.70,50.2,0,4,,50.2,,,
660,Group 2,Non-White,4.70,34.5,0,4,,,34.5,,
661,Group 2,Non-White,4.20,57.9,0,4,,,57.9,,
662,Group 2,White,3.80,45.8,0,3,,45.8,,,
663,Group 2,White,0.40,27.9,0,0,,27.9,,,
664,Group 2,White,0.40,22.9,0,0,,22.9,,,
665,Group 2,White,0.40,69.7,0,0,,69.7,,,
666,Group 2,White,0.20,21.6,0,0,,21.6,,,
667,Group 2,White,0.20,28.4,0,0,,28.4,,,
668,Group 2,White,68.30,96.2,0,68,,96.2,,,
669,Group 2,Non-White,65.70,54,0,65,,,54,,
670,Group 2,White,63.80,67,0,63,,67,,,
671,Group 2,White,37.20,38.1,0,37,,38.1,,,
672,Group 2,White,37.00,70.5,0,37,,70.5,,,
673,Group 2,Non-White,36.20,43.1,0,36,,,43.1,,
674,Group 2,Non-White,35.30,47.7,0,35,,,47.7,,
675,Group 2,White,29.10,24.2,0,29,,24.2,,,
676,Group 2,White,21.70,62,0,21,,62,,,
677,Group 2,White,19.40,50.7,0,19,,50.7,,,
678,Group 2,White,18.90,58.7,0,18,,58.7,,,
679,Group 2,White,15.10,41.9,0,15,,41.9,,,
680,Group 2,Non-White,13.60,66.5,0,13,,,66.5,,
681,Group 2,White,13.40,40.1,0,13,,40.1,,,
682,Group 2,White,13.20,50.5,0,13,,50.5,,,
683,Group 2,Non-White,10.90,54.3,0,10,,,54.3,,
684,Group 2,White,10.60,57.6,0,10,,57.6,,,
685,Group 2,White,7.90,48.1,0,7,,48.1,,,
686,Group 2,White,7.90,68,0,7,,68,,,
687,Group 2,White,7.70,27.4,0,7,,27.4,,,
688,Group 2,White,7.00,48.3,0,7,,48.3,,,
689,Group 2,White,5.50,50.2,0,5,,50.2,,,
690,Group 2,White,5.10,45.8,0,5,,45.8,,,
691,Group 2,Non-White,5.10,60.4,0,5,,,60.4,,
692,Group 2,Non-White,5.10,57.9,0,5,,,57.9,,
693,Group 2,White,3.80,24.9,0,3,,24.9,,,
694,Group 2,White,3.80,34.8,0,3,,34.8,,,
695,Group 2,White,2.10,15.1,0,2,,15.1,,,
696,Group 2,White,0.40,35.3,0,0,,35.3,,,
697,Group 2,White,0.40,34.3,0,0,,34.3,,,
698,Group 2,White,0.20,55.6,0,0,,55.6,,,
699,Group 2,White,0.00,24.2,0,0,,24.2,,,
700,Group 2,Non-White,0.00,19.6,0,0,,,19.6,,
701,Group 2,White,0.00,22,0,0,,22,,,
702,Group 2,White,0.00,9.9,0,0,,9.9,,,
703,Group 2,White,96.50,106.8,1,96,,106.8,,,
704,Group 2,White,62.20,96.2,0,62,,96.2,,,
705,Group 2,White,57.40,67,0,57,,67,,,
706,Group 2,Non-White,56.30,54,0,56,,,54,,
707,Group 2,White,42.60,38.1,0,42,,38.1,,,
708,Group 2,Non-White,32.40,43.1,0,32,,,43.1,,
709,Group 2,White,30.20,70.5,0,30,,70.5,,,
710,Group 2,White,29.80,24.2,0,29,,24.2,,,
711,Group 2,Non-White,29.80,47.7,0,29,,,47.7,,
712,Group 2,White,21.70,50.7,0,21,,50.7,,,
713,Group 2,White,21.30,62,0,21,,62,,,
714,Group 2,White,15.70,58.7,0,15,,58.7,,,
715,Group 2,White,14.30,50.5,0,14,,50.5,,,
716,Group 2,White,12.80,41.9,0,12,,41.9,,,
717,Group 2,White,10.90,57.6,0,10,,57.6,,,
718,Group 2,Non-White,9.80,66.5,0,9,,,66.5,,
719,Group 2,Non-White,9.30,40.1,0,9,,,40.1,,
720,Group 2,Non-White,7.60,57.9,0,7,,,57.9,,
721,Group 2,Non-White,7.00,54.3,0,7,,,54.3,,
722,Group 2,White,6.50,46.1,0,6,,46.1,,,
723,Group 2,White,6.10,68,0,6,,68,,,
724,Group 2,Non-White,5.70,45.4,0,5,,,45.4,,
725,Group 2,White,5.70,48.3,0,5,,48.3,,,
726,Group 2,White,5.40,48.1,0,5,,48.1,,,
727,Group 2,White,5.00,45.8,0,5,,45.8,,,
728,Group 2,White,4.10,44.2,0,4,,44.2,,,
729,Group 2,White,2.60,28.5,0,2,,28.5,,,
730,Group 2,White,1.70,58.8,0,1,,58.8,,,
731,Group 2,White,1.70,66.3,0,1,,66.3,,,
732,Group 2,White,1.30,25.6,0,1,,25.6,,,
733,Group 2,White,0.40,24.7,0,0,,24.7,,,
734,Group 2,Non-White,0.40,16.7,0,0,,,16.7,,
735,Group 2,White,0.20,40.5,0,0,,40.5,,,
736,Group 2,White,0.20,24.2,0,0,,24.2,,,
737,Group 2,White,0.20,30.6,0,0,,30.6,,,
738,Group 2,White,0.00,11.3,0,0,,11.3,,,
739,Group 2,White,0.00,12.5,0,0,,12.5,,,
740,Group 2,White,0.00,35,0,0,,35,,,
741,Group 2,White,0.00,35.4,0,0,,35.4,,,
742,Group 2,White,95.60,90.5,1,95,,90.5,,,
743,Group 2,Non-White,73.50,50.2,0,73,,,50.2,,
744,Group 2,White,59.90,96.2,0,59,,96.2,,,
745,Group 2,Non-White,57.70,54,0,57,,,54,,
746,Group 2,White,56.80,67,0,56,,67,,,
747,Group 2,White,36.40,38.1,0,36,,38.1,,,
748,Group 2,Non-White,34.60,43.1,0,34,,,43.1,,
749,Group 2,White,32.90,70.5,0,32,,70.5,,,
750,Group 2,White,23.90,24.2,0,23,,24.2,,,
751,Group 2,White,21.50,50.7,0,21,,50.7,,,
752,Group 2,White,14.50,58.7,0,14,,58.7,,,
753,Group 2,White,11.80,62.8,0,11,,62.8,,,
754,Group 2,White,11.60,57.6,0,11,,57.6,,,
755,Group 2,Non-White,10.10,54.3,0,10,,,54.3,,
756,Group 2,White,9.90,50.5,0,9,,50.5,,,
757,Group 2,Non-White,9.20,66.5,0,9,,,66.5,,
758,Group 2,White,8.60,41.9,0,8,,41.9,,,
759,Group 2,White,8.30,68,0,8,,68,,,
760,Group 2,Non-White,8.10,57.9,0,8,,,57.9,,
761,Group 2,White,7.90,45.8,0,7,,45.8,,,
762,Group 2,Non-White,6.80,40.1,0,6,,,40.1,,
763,Group 2,White,6.80,46.1,0,6,,46.1,,,
764,Group 2,White,5.30,48.1,0,5,,48.1,,,
765,Group 2,White,5.00,48.3,0,5,,48.3,,,
766,Group 2,White,4.20,79.7,0,4,,79.7,,,
767,Group 2,White,3.70,50.3,0,3,,50.3,,,
768,Group 2,White,3.50,44.2,0,3,,44.2,,,
769,Group 2,Non-White,3.10,45.4,0,3,,,45.4,,
770,Group 2,White,2.60,28.5,0,2,,28.5,,,
771,Group 2,White,1.30,29.8,0,1,,29.8,,,
772,Group 2,White,0.40,54.4,0,0,,54.4,,,
773,Group 2,White,0.40,29.7,0,0,,29.7,,,
774,Group 2,White,0.40,15.7,0,0,,15.7,,,
775,Group 2,White,0.20,13.3,0,0,,13.3,,,
776,Group 2,White,0.00,29.1,0,0,,29.1,,,
777,Group 2,White,0.00,20.2,0,0,,20.2,,,
778,Group 2,White,0.00,21.9,0,0,,21.9,,,
779,Group 2,White,0.00,25.7,0,0,,25.7,,,
780,Group 2,White,0.00,27.5,0,0,,27.5,,,
781,Group 2,Non-White,93.60,74,1,93,,,74,,
782,Group 2,White,65.70,96.2,0,65,,96.2,,,
783,Group 2,Non-White,59.60,50.2,0,59,,,50.2,,
784,Group 2,Non-White,55.10,54,0,55,,,54,,
785,Group 2,White,41.60,38.1,0,41,,38.1,,,
786,Group 2,Non-White,37.10,43.1,0,37,,,43.1,,
787,Group 2,White,36.60,70.5,0,36,,70.5,,,
788,Group 2,White,29.60,50.7,0,29,,50.7,,,
789,Group 2,White,16.50,58.7,0,16,,58.7,,,
790,Group 2,White,16.30,62.8,0,16,,62.8,,,
791,Group 2,White,15.80,50.5,0,15,,50.5,,,
792,Group 2,White,14.90,57.6,0,14,,57.6,,,
793,Group 2,Non-White,14.70,66.5,0,14,,,66.5,,
794,Group 2,Non-White,10.60,57.9,0,10,,,57.9,,
795,Group 2,White,10.20,48.3,0,10,,48.3,,,
796,Group 2,White,9.50,46.1,0,9,,46.1,,,
797,Group 2,Non-White,9.00,54.3,0,9,,,54.3,,
798,Group 2,Non-White,8.70,45.4,0,8,,,45.4,,
799,Group 2,White,8.50,41.9,0,8,,41.9,,,
800,Group 2,White,7.60,45.8,0,7,,45.8,,,
801,Group 2,White,6.90,44.2,0,6,,44.2,,,
802,Group 2,White,4.50,38.2,0,4,,38.2,,,
803,Group 2,White,3.30,79.7,0,3,,79.7,,,
804,Group 2,White,1.90,53.8,0,1,,53.8,,,
805,Group 2,White,0.50,41.7,0,0,,41.7,,,
806,Group 2,Non-White,0.50,42.4,0,0,,,42.4,,
807,Group 2,Non-White,0.50,24.2,0,0,,,24.2,,
808,Group 2,White,0.20,12.6,0,0,,12.6,,,
809,Group 2,White,0.00,22.8,0,0,,22.8,,,
810,Group 2,White,0.00,27.9,0,0,,27.9,,,
811,Group 2,White,0.00,40.9,0,0,,40.9,,,
812,Group 2,Non-White,0.00,30.4,0,0,,,30.4,,
813,Group 2,White,0.00,36,0,0,,36,,,
814,Group 2,White,98.80,110.1,1,98,,110.1,,,
815,Group 2,White,81.20,25.7,1,81,,25.7,,,
816,Group 2,Non-White,57.20,50.2,0,57,,,50.2,,
817,Group 2,Non-White,50.00,54,0,50,,,54,,
818,Group 2,White,42.30,36.5,0,42,,36.5,,,
819,Group 2,Non-White,40.70,43.1,0,40,,,43.1,,
820,Group 2,White,31.60,70.5,0,31,,70.5,,,
821,Group 2,White,26.50,50.7,0,26,,50.7,,,
822,Group 2,White,25.60,39.7,0,25,,39.7,,,
823,Group 2,White,16.50,62.8,0,16,,62.8,,,
824,Group 2,White,16.00,58.7,0,16,,58.7,,,
825,Group 2,White,16.00,50.5,0,16,,50.5,,,
826,Group 2,White,14.40,57.6,0,14,,57.6,,,
827,Group 2,Non-White,11.60,66.5,0,11,,,66.5,,
828,Group 2,White,10.50,48.3,0,10,,48.3,,,
829,Group 2,White,9.80,41.9,0,9,,41.9,,,
830,Group 2,White,9.50,79.7,0,9,,79.7,,,
831,Group 2,Non-White,9.30,57.9,0,9,,,57.9,,
832,Group 2,Non-White,8.40,54.3,0,8,,,54.3,,
833,Group 2,White,7.40,46.1,0,7,,46.1,,,
834,Group 2,White,6.00,45.8,0,6,,45.8,,,
835,Group 2,White,5.60,44.2,0,5,,44.2,,,
836,Group 2,Non-White,5.30,45.4,0,5,,,45.4,,
837,Group 2,White,2.60,71.1,0,2,,71.1,,,
838,Group 2,Non-White,0.90,37,0,0,,,37,,
839,Group 2,White,0.70,31.3,0,0,,31.3,,,
840,Group 2,White,0.70,17.3,0,0,,17.3,,,
841,Group 2,White,0.50,17.9,0,0,,17.9,,,
842,Group 2,Non-White,0.50,52.8,0,0,,,52.8,,
843,Group 2,White,0.20,26,0,0,,26,,,
844,Group 2,White,0.20,51.4,0,0,,51.4,,,
845,Group 2,White,0.00,32.3,0,0,,32.3,,,
846,Group 2,White,0.00,26.4,0,0,,26.4,,,
847,Group 2,White,0.00,19.8,0,0,,19.8,,,
848,Group 2,White,0.00,26.1,0,0,,26.1,,,
849,Group 2,White,0.00,16.4,0,0,,16.4,,,
850,Group 2,White,0.00,36.8,0,0,,36.8,,,
851,Group 2,Non-White,90.50,81.3,1,90,,,81.3,,
852,Group 2,White,77.20,90.4,1,77,,90.4,,,
853,Group 2,Non-White,75.40,84.4,0,75,,,84.4,,
854,Group 2,White,65.70,25.7,0,65,,25.7,,,
855,Group 2,White,63.70,59.6,0,63,,59.6,,,
856,Group 2,Non-White,43.30,50.2,0,43,,,50.2,,
857,Group 2,Non-White,36.10,43.1,0,36,,,43.1,,
858,Group 2,White,32.10,36.5,0,32,,36.5,,,
859,Group 2,White,26.20,70.5,0,26,,70.5,,,
860,Group 2,White,22.60,26,0,22,,26,,,
861,Group 2,White,14.00,50.7,0,14,,50.7,,,
862,Group 2,White,13.80,39.7,0,13,,39.7,,,
863,Group 2,White,13.30,58.7,0,13,,58.7,,,
864,Group 2,White,13.10,62.8,0,13,,62.8,,,
865,Group 2,White,9.30,57.6,0,9,,57.6,,,
866,Group 2,Non-White,8.80,57.9,0,8,,,57.9,,
867,Group 2,White,8.60,50.5,0,8,,50.5,,,
868,Group 2,White,7.40,48.3,0,7,,48.3,,,
869,Group 2,Non-White,7.20,66.5,0,7,,,66.5,,
870,Group 2,Non-White,6.80,54.3,0,6,,,54.3,,
871,Group 2,White,6.30,45.8,0,6,,45.8,,,
872,Group 2,White,6.30,46.1,0,6,,46.1,,,
873,Group 2,White,5.20,41.9,0,5,,41.9,,,
874,Group 2,White,4.30,43.7,0,4,,43.7,,,
875,Group 2,White,3.40,23.4,0,3,,23.4,,,
876,Group 2,White,2.50,22.8,0,2,,22.8,,,
877,Group 2,White,0.90,53.9,0,0,,53.9,,,
878,Group 2,White,0.20,30.4,0,0,,30.4,,,
879,Group 2,White,0.20,17.8,0,0,,17.8,,,
880,Group 2,White,0.20,10,0,0,,10,,,
881,Group 2,White,0.20,35.7,0,0,,35.7,,,
882,Group 2,Non-White,0.20,33,0,0,,,33,,
883,Group 2,White,0.20,9.1,0,0,,9.1,,,
884,Group 2,White,0.20,17.1,0,0,,17.1,,,
885,Group 2,White,0.00,44.9,0,0,,44.9,,,
886,Group 2,White,0.00,13.8,0,0,,13.8,,,
887,Group 2,White,0.00,20.5,0,0,,20.5,,,
888,Group 2,White,0.00,15.2,0,0,,15.2,,,
889,Group 2,White,0.00,10.7,0,0,,10.7,,,
890,Group 2,Non-White,0.00,8.9,0,0,,,8.9,,
891,Group 2,White,0.00,5,0,0,,5,,,
892,Group 2,White,0.00,21.4,0,0,,21.4,,,
893,Group 2,White,0.00,24.5,0,0,,24.5,,,
894,Group 2,White,0.00,14.4,0,0,,14.4,,,
895,Group 2,White,0.00,22.9,0,0,,22.9,,,
896,Group 2,White,92.60,68.9,1,92,,68.9,,,
897,Group 2,Non-White,81.80,100.6,1,81,,,100.6,,
898,Group 2,White,72.10,90.4,0,72,,90.4,,,
899,Group 2,Non-White,66.70,84.4,0,66,,,84.4,,
900,Group 2,White,57.90,59.6,0,57,,59.6,,,
901,Group 2,Non-White,47.50,50.2,0,47,,,50.2,,
902,Group 2,Non-White,32.00,43.1,0,32,,,43.1,,
903,Group 2,White,29.50,36.5,0,29,,36.5,,,
904,Group 2,White,24.10,26,0,24,,26,,,
905,Group 2,White,21.60,70.5,0,21,,70.5,,,
906,Group 2,White,21.40,39.7,0,21,,39.7,,,
907,Group 2,White,17.80,50.7,0,17,,50.7,,,
908,Group 2,White,17.60,62.8,0,17,,62.8,,,
909,Group 2,White,13.10,58.7,0,13,,58.7,,,
910,Group 2,White,12.40,57.6,0,12,,57.6,,,
911,Group 2,White,11.50,50.5,0,11,,50.5,,,
912,Group 2,White,11.30,20.6,0,11,,20.6,,,
913,Group 2,Non-White,9.50,66.5,0,9,,,66.5,,
914,Group 2,Non-White,8.10,54.3,0,8,,,54.3,,
915,Group 2,White,7.90,41.9,0,7,,41.9,,,
916,Group 2,White,7.40,46.1,0,7,,46.1,,,
917,Group 2,Non-White,6.80,57.9,0,6,,,57.9,,
918,Group 2,White,6.10,48.3,0,6,,48.3,,,
919,Group 2,White,5.60,23.4,0,5,,23.4,,,
920,Group 2,White,1.40,21.9,0,1,,21.9,,,
921,Group 2,Non-White,0.70,28.4,0,0,,,28.4,,
922,Group 2,White,0.70,17.5,0,0,,17.5,,,
923,Group 2,White,0.50,12.5,0,0,,12.5,,,
924,Group 2,White,0.50,33.1,0,0,,33.1,,,
925,Group 2,White,0.50,32.7,0,0,,32.7,,,
926,Group 2,Non-White,0.20,23.2,0,0,,,23.2,,
927,Group 2,White,0.20,19.4,0,0,,19.4,,,
928,Group 2,White,0.20,14.6,0,0,,14.6,,,
929,Group 2,White,0.20,26.3,0,0,,26.3,,,
930,Group 2,Non-White,0.00,0.1,0,0,,,0.1,,
931,Group 2,White,0.00,3,0,0,,3,,,
932,Group 2,White,0.00,42.8,0,0,,42.8,,,
933,Group 2,White,0.00,4.4,0,0,,4.4,,,
934,Group 2,White,0.00,10.9,0,0,,10.9,,,
935,Group 2,White,0.00,41.8,0,0,,41.8,,,
936,Group 2,White,0.00,19.7,0,0,,19.7,,,
937,Group 2,White,0.00,13.2,0,0,,13.2,,,
938,Group 2,White,0.00,18.6,0,0,,18.6,,,
939,Group 2,White,0.00,23.3,0,0,,23.3,,,
940,Group 2,White,96.40,75.2,1,96,,75.2,,,
941,Group 2,White,94.60,96.4,1,94,,96.4,,,
942,Group 2,White,68.00,90.4,0,68,,90.4,,,
943,Group 2,White,63.30,59.6,0,63,,59.6,,,
944,Group 2,Non-White,52.30,84.4,0,52,,,84.4,,
945,Group 2,Non-White,39.40,50.2,0,39,,,50.2,,
946,Group 2,Non-White,30.20,43.1,0,30,,,43.1,,
947,Group 2,White,30.00,36.5,0,30,,36.5,,,
948,Group 2,White,25.70,26,0,25,,26,,,
949,Group 2,White,21.30,39.7,0,21,,39.7,,,
950,Group 2,White,19.50,50.7,0,19,,50.7,,,
951,Group 2,White,16.80,70.5,0,16,,70.5,,,
952,Group 2,White,13.90,62.8,0,13,,62.8,,,
953,Group 2,White,13.20,50.5,0,13,,50.5,,,
954,Group 2,White,10.50,48.3,0,10,,48.3,,,
955,Group 2,White,10.50,20.6,0,10,,20.6,,,
956,Group 2,Non-White,10.50,66.5,0,10,,,66.5,,
957,Group 2,White,8.90,57.6,0,8,,57.6,,,
958,Group 2,White,7.80,58.7,0,7,,58.7,,,
959,Group 2,Non-White,7.40,54.3,0,7,,,54.3,,
960,Group 2,White,6.90,46.1,0,6,,46.1,,,
961,Group 2,Non-White,6.50,57.9,0,6,,,57.9,,
962,Group 2,White,6.00,41.9,0,6,,41.9,,,
963,Group 2,White,5.60,23.4,0,5,,23.4,,,
964,Group 2,White,3.10,50.3,0,3,,50.3,,,
965,Group 2,White,3.10,53.1,0,3,,53.1,,,
966,Group 2,Non-White,2.00,17.6,0,2,,,17.6,,
967,Group 2,White,0.70,32.1,0,0,,32.1,,,
968,Group 2,White,0.20,46.8,0,0,,46.8,,,
969,Group 2,White,0.20,36.5,0,0,,36.5,,,
970,Group 2,White,0.00,30.6,0,0,,30.6,,,
971,Group 2,Non-White,0.00,12.9,0,0,,,12.9,,
972,Group 2,White,0.00,22.9,0,0,,22.9,,,
973,Group 2,White,0.00,7.7,0,0,,7.7,,,
974,Group 2,White,0.00,17.1,0,0,,17.1,,,
975,Group 2,White,0.00,22.7,0,0,,22.7,,,
976,Group 2,White,0.00,20.5,0,0,,20.5,,,
977,Group 2,White,0.00,25.1,0,0,,25.1,,,
978,Group 2,White,0.00,2.2,0,0,,2.2,,,
979,Group 2,White,0.00,39.5,0,0,,39.5,,,
980,Group 2,White,0.00,21,0,0,,21,,,
981,Group 2,Non-White,82.40,57.5,1,82,,,57.5,,
982,Group 2,White,74.20,59.6,0,74,,59.6,,,
983,Group 2,White,47.30,43.1,0,47,,43.1,,,
984,Group 2,Non-White,46.60,50.2,0,46,,,50.2,,
985,Group 2,White,43.10,38.2,0,43,,38.2,,,
986,Group 2,White,39.30,26,0,39,,26,,,
987,Group 2,White,33.50,36.5,0,33,,36.5,,,
988,Group 2,Non-White,30.90,66.5,0,30,,,66.5,,
989,Group 2,White,29.70,39.7,0,29,,39.7,,,
990,Group 2,White,25.50,48.3,0,25,,48.3,,,
991,Group 2,White,25.50,62.8,0,25,,62.8,,,
992,Group 2,White,25.30,70.5,0,25,,70.5,,,
993,Group 2,White,21.10,50.5,0,21,,50.5,,,
994,Group 2,White,18.50,20.6,0,18,,20.6,,,
995,Group 2,Non-White,15.70,54.3,0,15,,,54.3,,
996,Group 2,White,14.10,57.6,0,14,,57.6,,,
997,Group 2,White,13.10,23.4,0,13,,23.4,,,
998,Group 2,White,12.40,27,0,12,,27,,,
999,Group 2,White,12.20,58.7,0,12,,58.7,,,
1000,Group 2,White,11.20,41.9,0,11,,41.9,,,
1001,Group 2,White,7.50,46.1,0,7,,46.1,,,
1002,Group 2,White,7.30,18.2,0,7,,18.2,,,
1003,Group 2,White,7.00,50.3,0,7,,50.3,,,
1004,Group 2,Non-White,6.30,57.9,0,6,,,57.9,,
1005,Group 2,Non-White,4.20,17.6,0,4,,,17.6,,
1006,Group 2,White,3.70,40.9,0,3,,40.9,,,
1007,Group 2,White,0.70,64.6,0,0,,64.6,,,
1008,Group 2,White,0.70,27.2,0,0,,27.2,,,
1009,Group 2,White,0.70,21.9,0,0,,21.9,,,
1010,Group 2,White,0.20,10.3,0,0,,10.3,,,
1011,Group 2,White,0.00,14.1,0,0,,14.1,,,
1012,Group 2,White,0.00,22.9,0,0,,22.9,,,
1013,Group 2,Non-White,0.00,1.7,0,0,,,1.7,,
1014,Group 2,White,0.00,17.9,0,0,,17.9,,,
1015,Group 2,White,0.00,14.3,0,0,,14.3,,,
1016,Group 2,White,0.00,36.6,0,0,,36.6,,,
1017,Group 2,White,0.00,5.3,0,0,,5.3,,,
1018,Group 2,White,0.00,16.8,0,0,,16.8,,,
1019,Group 2,White,0.00,12.5,0,0,,12.5,,,
1020,Group 2,White,0.00,24.9,0,0,,24.9,,,
1021,Group 2,White,0.00,25.4,0,0,,25.4,,,
1022,Group 2,White,0.00,2.8,0,0,,2.8,,,
1023,Group 2,White,0.00,19.7,0,0,,19.7,,,
1024,Group 2,White,0.00,25,0,0,,25,,,
1025,Group 2,Non-White,85.70,63.7,1,85,,,63.7,,
1026,Group 2,White,76.30,41.2,1,76,,41.2,,,
1027,Group 2,White,70.00,59.6,0,70,,59.6,,,
1028,Group 2,Non-White,43.30,50.2,0,43,,,50.2,,
1029,Group 2,White,42.60,38.2,0,42,,38.2,,,
1030,Group 2,Non-White,38.70,43.1,0,38,,,43.1,,
1031,Group 2,White,34.90,26,0,34,,26,,,
1032,Group 2,White,30.30,36.5,0,30,,36.5,,,
1033,Group 2,White,27.40,39.7,0,27,,39.7,,,
1034,Group 2,White,23.20,62.8,0,23,,62.8,,,
1035,Group 2,White,23.20,28.8,0,23,,28.8,,,
1036,Group 2,White,20.30,48.3,0,20,,48.3,,,
1037,Group 2,White,19.90,50.5,0,19,,50.5,,,
1038,Group 2,White,18.90,70.5,0,18,,70.5,,,
1039,Group 2,White,18.90,20.6,0,18,,20.6,,,
1040,Group 2,White,13.30,58.7,0,13,,58.7,,,
1041,Group 2,White,12.10,41.9,0,12,,41.9,,,
1042,Group 2,Non-White,11.60,54.3,0,11,,,54.3,,
1043,Group 2,White,11.40,57.6,0,11,,57.6,,,
1044,Group 2,White,10.70,27,0,10,,27,,,
1045,Group 2,White,7.30,18.2,0,7,,18.2,,,
1046,Group 2,White,6.80,46.1,0,6,,46.1,,,
1047,Group 2,White,6.30,50.3,0,6,,50.3,,,
1048,Group 2,Non-White,5.80,57.9,0,5,,,57.9,,
1049,Group 2,White,1.50,18.4,0,1,,18.4,,,
1050,Group 2,White,0.70,61.5,0,0,,61.5,,,
1051,Group 2,White,0.00,17.2,0,0,,17.2,,,
1052,Group 2,White,0.00,15.1,0,0,,15.1,,,
1053,Group 2,Non-White,81.40,64.5,1,81,,,64.5,,
1054,Group 2,Non-White,74.10,63.7,0,74,,,63.7,,
1055,Group 2,White,68.00,41.2,0,68,,41.2,,,
1056,Group 2,White,65.60,59.6,0,65,,59.6,,,
1057,Group 2,White,41.60,38.2,0,41,,38.2,,,
1058,Group 2,Non-White,36.20,43.1,0,36,,,43.1,,
1059,Group 2,Non-White,35.80,50.2,0,35,,,50.2,,
1060,Group 2,White,33.90,26,0,33,,26,,,
1061,Group 2,White,29.20,39.7,0,29,,39.7,,,
1062,Group 2,White,23.50,36.5,0,23,,36.5,,,
1063,Group 2,White,22.60,28.8,0,22,,28.8,,,
1064,Group 2,White,22.40,62.8,0,22,,62.8,,,
1065,Group 2,White,20.90,50.5,0,20,,50.5,,,
1066,Group 2,White,20.20,48.3,0,20,,48.3,,,
1067,Group 2,White,17.40,20.6,0,17,,20.6,,,
1068,Group 2,White,15.10,70.5,0,15,,70.5,,,
1069,Group 2,White,14.10,57.6,0,14,,57.6,,,
1070,Group 2,White,12.00,27,0,12,,27,,,
1071,Group 2,White,10.60,41.9,0,10,,41.9,,,
1072,Group 2,Non-White,10.10,54.3,0,10,,,54.3,,
1073,Group 2,White,9.60,58.7,0,9,,58.7,,,
1074,Group 2,White,8.20,46.1,0,8,,46.1,,,
1075,Group 2,White,7.80,18.2,0,7,,18.2,,,
1076,Group 2,White,5.40,50.3,0,5,,50.3,,,
1077,Group 2,White,3.80,28.3,0,3,,28.3,,,
1078,Group 2,White,2.80,25.7,0,2,,25.7,,,
1079,Group 2,White,2.60,30.6,0,2,,30.6,,,
1080,Group 2,White,1.90,37.8,0,1,,37.8,,,
1081,Group 2,White,1.60,22.3,0,1,,22.3,,,
1082,Group 2,White,1.20,27.6,0,1,,27.6,,,
1083,Group 2,White,0.90,26.4,0,0,,26.4,,,
1084,Group 2,White,0.70,14.4,0,0,,14.4,,,
1085,Group 2,White,0.70,40.2,0,0,,40.2,,,
1086,Group 2,White,0.50,27.5,0,0,,27.5,,,
1087,Group 2,White,0.50,25.6,0,0,,25.6,,,
1088,Group 2,White,0.20,36.5,0,0,,36.5,,,
1089,Group 2,White,0.20,7.6,0,0,,7.6,,,
1090,Group 2,White,0.20,20.7,0,0,,20.7,,,
1091,Group 2,White,0.20,20.3,0,0,,20.3,,,
1092,Group 2,White,0.00,12.1,0,0,,12.1,,,
1093,Group 2,Non-White,0.00,15.7,0,0,,,15.7,,
1094,Group 2,White,83.80,47.1,1,83,,47.1,,,
1095,Group 2,Non-White,79.70,45.3,1,79,,,45.3,,
1096,Group 2,White,74.70,49,0,74,,49,,,
1097,Group 2,Non-White,63.80,63.7,0,63,,,63.7,,
1098,Group 2,White,54.20,59.6,0,54,,59.6,,,
1099,Group 2,White,53.70,41.2,0,53,,41.2,,,
1100,Group 2,White,32.40,38.2,0,32,,38.2,,,
1101,Group 2,White,31.60,26,0,31,,26,,,
1102,Group 2,Non-White,28.90,50.2,0,28,,,50.2,,
1103,Group 2,Non-White,28.90,43.1,0,28,,,43.1,,
1104,Group 2,White,23.50,39.7,0,23,,39.7,,,
1105,Group 2,White,22.00,36.5,0,22,,36.5,,,
1106,Group 2,White,20.80,28.8,0,20,,28.8,,,
1107,Group 2,White,19.70,48.3,0,19,,48.3,,,
1108,Group 2,White,17.20,62.8,0,17,,62.8,,,
1109,Group 2,White,15.70,20.6,0,15,,20.6,,,
1110,Group 2,White,13.70,27,0,13,,27,,,
1111,Group 2,White,13.40,70.5,0,13,,70.5,,,
1112,Group 2,White,11.10,57.6,0,11,,57.6,,,
1113,Group 2,White,8.10,18.2,0,8,,18.2,,,
1114,Group 2,White,8.10,46.1,0,8,,46.1,,,
1115,Group 2,White,7.10,41.9,0,7,,41.9,,,
1116,Group 2,White,7.10,58.7,0,7,,58.7,,,
1117,Group 2,Non-White,4.80,54.3,0,4,,,54.3,,
1118,Group 2,White,4.10,50.3,0,4,,50.3,,,
1119,Group 2,White,3.80,33.2,0,3,,33.2,,,
1120,Group 2,White,1.80,25.7,0,1,,25.7,,,
1121,Group 2,White,1.00,27.6,0,1,,27.6,,,
1122,Group 2,White,0.80,14.4,0,0,,14.4,,,
1123,Group 2,White,0.80,40.2,0,0,,40.2,,,
1124,Group 2,White,0.80,35.1,0,0,,35.1,,,
1125,Group 2,White,0.50,19.5,0,0,,19.5,,,
1126,Group 2,White,0.50,9,0,0,,9,,,
1127,Group 2,White,0.30,32.6,0,0,,32.6,,,
1128,Group 2,White,0.30,14.4,0,0,,14.4,,,
1129,Group 2,Non-White,0.30,0.7,0,0,,,0.7,,
1130,Group 2,White,0.00,36.5,0,0,,36.5,,,
1131,Group 2,White,0.00,10.1,0,0,,10.1,,,
1132,Group 2,White,0.00,46.8,0,0,,46.8,,,
1133,Group 2,White,0.00,4.4,0,0,,4.4,,,
1134,Group 2,White,0.00,17.7,0,0,,17.7,,,
1135,Group 2,Non-White,84.60,55.8,1,84,,,55.8,,
1136,Group 2,White,83.10,60.4,1,83,,60.4,,,
1137,Group 2,White,78.40,67.2,1,78,,67.2,,,
1138,Group 2,White,72.00,47.1,0,72,,47.1,,,
1139,Group 2,White,61.00,49,0,61,,49,,,
1140,Group 2,Non-White,50.10,63.7,0,50,,,63.7,,
1141,Group 2,White,49.90,59.6,0,49,,59.6,,,
1142,Group 2,Non-White,30.80,50.2,0,30,,,50.2,,
1143,Group 2,Non-White,30.80,43.1,0,30,,,43.1,,
1144,Group 2,White,26.60,38.2,0,26,,38.2,,,
1145,Group 2,White,26.30,26,0,26,,26,,,
1146,Group 2,White,25.80,39.7,0,25,,39.7,,,
1147,Group 2,White,24.10,28.8,0,24,,28.8,,,
1148,Group 2,White,18.40,36.5,0,18,,36.5,,,
1149,Group 2,White,16.10,20.6,0,16,,20.6,,,
1150,Group 2,White,11.20,27,0,11,,27,,,
1151,Group 2,White,11.20,57.6,0,11,,57.6,,,
1152,Group 2,White,7.20,46.1,0,7,,46.1,,,
1153,Group 2,White,6.20,18.2,0,6,,18.2,,,
1154,Group 2,White,3.50,50.3,0,3,,50.3,,,
1155,Group 2,White,1.00,48.7,0,1,,48.7,,,
1156,Group 2,White,0.70,27.6,0,0,,27.6,,,
1157,Group 2,White,0.70,7.6,0,0,,7.6,,,
1158,Group 2,White,0.50,17.3,0,0,,17.3,,,
1159,Group 2,White,0.20,21,0,0,,21,,,
1160,Group 2,White,0.20,28.7,0,0,,28.7,,,
1161,Group 2,White,0.20,17.7,0,0,,17.7,,,
1162,Group 2,White,0.00,16,0,0,,16,,,
1163,Group 2,White,0.00,35.1,0,0,,35.1,,,
1164,Group 2,White,92.00,78.4,1,92,,78.4,,,
1165,Group 2,Non-White,83.70,63,1,83,,,63,,
1166,Group 2,White,71.90,60.4,0,71,,60.4,,,
1167,Group 2,Non-White,67.40,55.8,0,67,,,55.8,,
1168,Group 2,White,65.00,47.1,0,65,,47.1,,,
1169,Group 2,White,64.70,67.2,0,64,,67.2,,,
1170,Group 2,White,63.40,44.9,0,63,,44.9,,,
1171,Group 2,White,46.30,49,0,46,,49,,,
1172,Group 2,Non-White,40.90,63.7,0,40,,,63.7,,
1173,Group 2,White,39.00,42.3,0,39,,42.3,,,
1174,Group 2,White,36.90,59.6,0,36,,59.6,,,
1175,Group 2,White,20.60,39.7,0,20,,39.7,,,
1176,Group 2,White,20.60,26,0,20,,26,,,
1177,Group 2,Non-White,20.10,43.1,0,20,,,43.1,,
1178,Group 2,White,18.40,38.2,0,18,,38.2,,,
1179,Group 2,Non-White,15.80,50.2,0,15,,,50.2,,
1180,Group 2,White,12.80,36.5,0,12,,36.5,,,
1181,Group 2,White,11.50,28.8,0,11,,28.8,,,
1182,Group 2,White,8.60,27,0,8,,27,,,
1183,Group 2,White,8.60,20.6,0,8,,20.6,,,
1184,Group 2,White,5.90,18.2,0,5,,18.2,,,
1185,Group 2,White,5.30,57.6,0,5,,57.6,,,
1186,Group 2,White,4.80,46.1,0,4,,46.1,,,
1187,Group 2,White,3.70,58.7,0,3,,58.7,,,
1188,Group 2,Non-White,3.20,54.3,0,3,,,54.3,,
1189,Group 2,White,1.90,41.8,0,1,,41.8,,,
1190,Group 2,White,1.30,39,0,1,,39,,,
1191,Group 2,White,0.50,19,0,0,,19,,,
1192,Group 2,White,0.30,8.3,0,0,,8.3,,,
1193,Group 2,White,0.30,18.9,0,0,,18.9,,,
1194,Group 2,Non-White,0.30,17.6,0,0,,,17.6,,
1195,Group 2,White,0.00,10.1,0,0,,10.1,,,
1196,Group 2,White,0.00,18.7,0,0,,18.7,,,
1197,Group 2,White,0.00,27.1,0,0,,27.1,,,
1198,Group 2,Non-White,0.00,10.5,0,0,,,10.5,,
1199,Group 2,White,0.00,55.9,0,0,,55.9,,,
1200,Group 2,White,0.00,21,0,0,,21,,,
1201,Group 2,White,0.00,26,0,0,,26,,,
1202,Group 2,Non-White,0.00,9.3,0,0,,,9.3,,
1203,Group 2,White,0.00,18.9,0,0,,18.9,,,
1204,Group 2,White,0.00,34,0,0,,34,,,
1205,Group 2,Non-White,0.00,12.5,0,0,,,12.5,,
1206,Group 2,White,0.00,16.9,0,0,,16.9,,,
1207,Group 2,White,0.00,11.6,0,0,,11.6,,,
1208,Group 2,White,0.00,24.4,0,0,,24.4,,,
1209,Group 2,White,0.00,32,0,0,,32,,,
1210,Group 2,Non-White,97.80,143,1,97,,,143,,
1211,Group 2,Non-White,89.20,107.3,1,89,,,107.3,,
1212,Group 2,Non-White,73.50,63,0,73,,,63,,
1213,Group 2,White,59.30,60.4,0,59,,60.4,,,
1214,Group 2,White,56.90,47.1,0,56,,47.1,,,
1215,Group 2,White,56.10,67.2,0,56,,67.2,,,
1216,Group 2,White,49.40,44.9,0,49,,44.9,,,
1217,Group 2,Non-White,41.90,55.8,0,41,,,55.8,,
1218,Group 2,White,33.30,59.6,0,33,,59.6,,,
1219,Group 2,White,32.50,42.3,0,32,,42.3,,,
1220,Group 2,Non-White,30.60,49,0,30,,,49,,
1221,Group 2,White,30.40,63.9,0,30,,63.9,,,
1222,Group 2,Non-White,23.40,63.7,0,23,,,63.7,,
1223,Group 2,White,21.90,39.7,0,21,,39.7,,,
1224,Group 2,White,16.60,38.2,0,16,,38.2,,,
1225,Group 2,Non-White,15.20,43.1,0,15,,,43.1,,
1226,Group 2,White,14.90,26,0,14,,26,,,
1227,Group 2,White,10.40,28.8,0,10,,28.8,,,
1228,Group 2,Non-White,10.10,50.2,0,10,,,50.2,,
1229,Group 2,White,9.60,27,0,9,,27,,,
1230,Group 2,White,7.70,18.2,0,7,,18.2,,,
1231,Group 2,White,6.70,36.5,0,6,,36.5,,,
1232,Group 2,White,6.30,46.1,0,6,,46.1,,,
1233,Group 2,White,5.30,20.6,0,5,,20.6,,,
1234,Group 2,Non-White,1.40,54.3,0,1,,,54.3,,
1235,Group 2,White,1.20,20.4,0,1,,20.4,,,
1236,Group 2,White,1.20,25.7,0,1,,25.7,,,
1237,Group 2,White,0.70,39.2,0,0,,39.2,,,
1238,Group 2,White,0.70,27.9,0,0,,27.9,,,
1239,Group 2,White,0.50,15.9,0,0,,15.9,,,
1240,Group 2,White,0.50,44.8,0,0,,44.8,,,
1241,Group 2,Non-White,0.20,27.3,0,0,,,27.3,,
1242,Group 2,White,0.20,41.4,0,0,,41.4,,,
1243,Group 2,White,0.00,32.2,0,0,,32.2,,,
1244,Group 2,White,0.00,25.8,0,0,,25.8,,,
1245,Group 2,White,0.00,6.3,0,0,,6.3,,,
1246,Group 2,Non-White,0.00,28.2,0,0,,,28.2,,
1247,Group 2,White,0.00,22.2,0,0,,22.2,,,
1248,Group 2,White,0.00,18.1,0,0,,18.1,,,
1249,Group 2,White,0.00,23.4,0,0,,23.4,,,
1250,Group 2,White,0.00,9.9,0,0,,9.9,,,
1251,Group 2,White,0.00,9.9,0,0,,9.9,,,
1252,Group 2,Non-White,84.00,89.4,1,84,,,89.4,,
1253,Group 2,White,60.60,67.2,0,60,,67.2,,,
1254,Group 2,White,60.10,44.9,0,60,,44.9,,,
1255,Group 2,White,59.60,60.4,0,59,,60.4,,,
1256,Group 2,White,59.40,47.1,0,59,,47.1,,,
1257,Group 2,Non-White,58.10,63,0,58,,,63,,
1258,Group 2,Non-White,41.90,49,0,41,,,49,,
1259,Group 2,White,41.40,42.3,0,41,,42.3,,,
1260,Group 2,White,40.90,59.6,0,40,,59.6,,,
1261,Group 2,White,40.60,39.7,0,40,,39.7,,,
1262,Group 2,Non-White,36.90,55.8,0,36,,,55.8,,
1263,Group 2,White,35.40,63.9,0,35,,63.9,,,
1264,Group 2,White,23.40,38.2,0,23,,38.2,,,
1265,Group 2,White,23.20,26,0,23,,26,,,
1266,Group 2,White,20.70,27,0,20,,27,,,
1267,Group 2,Non-White,19.20,50.2,0,19,,,50.2,,
1268,Group 2,White,15.50,46.1,0,15,,46.1,,,
1269,Group 2,White,14.00,32.4,0,14,,32.4,,,
1270,Group 2,White,12.00,28.8,0,12,,28.8,,,
1271,Group 2,White,9.50,36.5,0,9,,36.5,,,
1272,Group 2,White,8.20,18.2,0,8,,18.2,,,
1273,Group 2,White,5.70,20.6,0,5,,20.6,,,
1274,Group 2,Non-White,4.50,54.3,0,4,,,54.3,,
1275,Group 2,White,1.50,41.8,0,1,,41.8,,,
1276,Group 2,White,1.20,25.7,0,1,,25.7,,,
1277,Group 2,White,0.50,41.4,0,0,,41.4,,,
1278,Group 2,White,0.20,9.9,0,0,,9.9,,,
1279,Group 2,White,0.20,27.9,0,0,,27.9,,,
1280,Group 2,White,0.20,15.6,0,0,,15.6,,,
1281,Group 2,White,0.20,22.2,0,0,,22.2,,,
1282,Group 2,Non-White,0.20,27.3,0,0,,,27.3,,
1283,Group 2,White,0.20,32.2,0,0,,32.2,,,
1284,Group 2,White,0.00,1.1,0,0,,1.1,,,
1285,Group 2,White,0.00,41.9,0,0,,41.9,,,
1286,Group 2,White,0.00,7.7,0,0,,7.7,,,
1287,Group 2,White,0.00,24,0,0,,24,,,
1288,Group 2,White,0.00,15.3,0,0,,15.3,,,
1289,Group 2,White,0.00,27.4,0,0,,27.4,,,
1290,Group 2,White,0.00,37.5,0,0,,37.5,,,
1291,Group 1,White,88.30,92.8,1,88,,,,,
1292,Group 1,White,86.50,66.3,1,86,,,,,
1293,Group 1,White,61.80,67.2,0,61,,,,,
1294,Group 1,White,59.70,44.9,0,59,,,,,
1295,Group 1,White,54.30,47.1,0,54,,,,,
1296,Group 1,White,46.00,59.6,0,46,,,,,
1297,Group 1,White,42.60,42.3,0,42,,,,,
1298,Group 1,Non-White,41.80,49,0,41,,,,,
1299,Group 1,White,37.90,39.7,0,37,,,,,
1300,Group 1,White,34.80,63.9,0,34,,,,,
1301,Group 1,Non-White,32.20,55.8,0,32,,,,,
1302,Group 1,White,28.80,38.2,0,28,,,,,
1303,Group 1,White,24.90,34.5,0,24,,,,,
1304,Group 1,White,21.60,26,0,21,,,,,
1305,Group 1,White,17.10,28.8,0,17,,,,,
1306,Group 1,Non-White,15.30,38,0,15,,,,,
1307,Group 1,White,13.00,32.4,0,13,,,,,
1308,Group 1,Non-White,12.50,50.2,0,12,,,,,
1309,Group 1,White,11.20,43.2,0,11,,,,,
1310,Group 1,White,8.60,36.5,0,8,,,,,
1311,Group 1,White,8.10,18.2,0,8,,,,,
1312,Group 1,White,7.50,27,0,7,,,,,
1313,Group 1,White,5.50,20.6,0,5,,,,,
1314,Group 1,White,3.90,70.5,0,3,,,,,
1315,Group 1,White,1.60,52,0,1,,,,,
1316,Group 1,Non-White,1.30,23,0,1,,,,,
1317,Group 1,White,0.80,43.2,0,0,,,,,
1318,Group 1,Non-White,0.80,42.2,0,0,,,,,
1319,Group 1,White,0.50,7.4,0,0,,,,,
1320,Group 1,White,0.30,22.5,0,0,,,,,
1321,Group 1,White,0.30,1.7,0,0,,,,,
1322,Group 1,White,0.30,13.1,0,0,,,,,
1323,Group 1,White,0.00,14,0,0,,,,,
1324,Group 1,White,0.00,2.3,0,0,,,,,
1325,Group 1,White,0.00,16.6,0,0,,,,,
1326,Group 1,White,0.00,-0.3,0,0,,,,,
1327,Group 1,White,0.00,9.9,0,0,,,,,
1328,Group 1,White,0.00,14.8,0,0,,,,,
1329,Group 1,White,0.00,6.8,0,0,,,,,
1330,Group 1,Non-White,0.00,12.8,0,0,,,,,
1331,Group 1,White,0.00,0.7,0,0,,,,,
1332,Group 1,White,0.00,19.6,0,0,,,,,
1333,Group 1,White,0.00,15.6,0,0,,,,,
1334,Group 1,White,0.00,1.7,0,0,,,,,
1335,Group 1,White,0.00,13.5,0,0,,,,,
1336,Group 1,White,0.00,1.3,0,0,,,,,
1337,Group 1,White,0.00,-2.8,0,0,,,,,
1338,Group 1,White,0.00,0.6,0,0,,,,,
1339,Group 1,White,0.00,17.3,0,0,,,,,
1340,Group 1,White,0.00,-1.2,0,0,,,,,
1341,Group 1,White,0.00,8,0,0,,,,,
1342,Group 1,White,0.00,13.1,0,0,,,,,
1343,Group 1,White,0.00,22,0,0,,,,,
1344,Group 1,White,0.00,32.8,0,0,,,,,
1345,Group 1,White,0.00,6.2,0,0,,,,,
1346,Group 1,White,0.00,6.3,0,0,,,,,
1347,Group 1,White,0.00,2.2,0,0,,,,,
1348,Group 1,White,0.00,14.6,0,0,,,,,
1349,Group 1,White,0.00,1.2,0,0,,,,,
1350,Group 1,White,0.00,28.1,0,0,,,,,
1351,Group 1,White,0.00,2.5,0,0,,,,,
1352,Group 1,Non-White,94.70,156.4,1,94,,,,,
1353,Group 1,White,71.30,66.3,0,71,,,,,
1354,Group 1,White,68.80,55.3,0,68,,,,,
1355,Group 1,White,56.00,44.9,0,56,,,,,
1356,Group 1,White,53.90,67.2,0,53,,,,,
1357,Group 1,Non-White,40.30,49,0,40,,,,,
1358,Group 1,White,38.90,47.1,0,38,,,,,
1359,Group 1,White,38.40,39.7,0,38,,,,,
1360,Group 1,White,36.80,42.3,0,36,,,,,
1361,Group 1,White,34.00,59.6,0,34,,,,,
1362,Group 1,White,30.10,63.9,0,30,,,,,
1363,Group 1,White,29.40,38.2,0,29,,,,,
1364,Group 1,Non-White,27.80,55.8,0,27,,,,,
1365,Group 1,White,20.40,34.5,0,20,,,,,
1366,Group 1,White,18.50,43.2,0,18,,,,,
1367,Group 1,White,14.60,26,0,14,,,,,
1368,Group 1,White,13.40,32.4,0,13,,,,,
1369,Group 1,White,12.30,28.8,0,12,,,,,
1370,Group 1,White,12.30,18.2,0,12,,,,,
1371,Group 1,Non-White,12.00,38,0,12,,,,,
1372,Group 1,White,8.30,36.5,0,8,,,,,
1373,Group 1,White,8.10,20.6,0,8,,,,,
1374,Group 1,White,6.90,27,0,6,,,,,
1375,Group 1,White,4.60,62.8,0,4,,,,,
1376,Group 1,White,3.20,41.9,0,3,,,,,
1377,Group 1,White,2.50,33.3,0,2,,,,,
1378,Group 1,White,2.10,28.6,0,2,,,,,
1379,Group 1,White,2.10,32.4,0,2,,,,,
1380,Group 1,White,1.90,33.2,0,1,,,,,
1381,Group 1,White,1.40,18.3,0,1,,,,,
1382,Group 1,White,1.40,37.6,0,1,,,,,
1383,Group 1,White,1.20,44,0,1,,,,,
1384,Group 1,White,0.70,19.5,0,0,,,,,
1385,Group 1,White,0.70,27.6,0,0,,,,,
1386,Group 1,White,0.50,37.6,0,0,,,,,
1387,Group 1,White,0.20,28.6,0,0,,,,,
1388,Group 1,White,0.20,38.5,0,0,,,,,
1389,Group 1,White,0.20,-0.9,0,0,,,,,
1390,Group 1,White,0.00,9.8,0,0,,,,,
1391,Group 1,White,0.00,24.2,0,0,,,,,
1392,Group 1,White,0.00,-2.2,0,0,,,,,
1393,Group 1,White,0.00,-1.2,0,0,,,,,
1394,Group 1,White,0.00,5.3,0,0,,,,,
1395,Group 1,White,0.00,5.7,0,0,,,,,
1396,Group 1,White,0.00,2.2,0,0,,,,,
1397,Group 1,White,0.00,-1.5,0,0,,,,,
1398,Group 1,White,0.00,25.4,0,0,,,,,
1399,Group 1,White,0.00,18.7,0,0,,,,,
1400,Group 1,White,0.00,7,0,0,,,,,
1401,Group 1,White,0.00,0.4,0,0,,,,,
1402,Group 1,White,0.00,15.1,0,0,,,,,
1403,Group 1,White,0.00,9.7,0,0,,,,,
1404,Group 1,White,0.00,2.3,0,0,,,,,
1405,Group 1,White,0.00,9.4,0,0,,,,,
1406,Group 1,White,79.40,96.6,1,79,,,,,
1407,Group 1,White,68.90,55.3,0,68,,,,,
1408,Group 1,White,67.00,66.3,0,67,,,,,
1409,Group 1,White,59.60,44.9,0,59,,,,,
1410,Group 1,White,57.80,67.2,0,57,,,,,
1411,Group 1,White,47.80,59.6,0,47,,,,,
1412,Group 1,White,44.60,66.3,0,44,,,,,
1413,Group 1,White,41.70,47.1,0,41,,,,,
1414,Group 1,White,41.70,63.9,0,41,,,,,
1415,Group 1,Non-White,39.30,49,0,39,,,,,
1416,Group 1,White,34.30,42.3,0,34,,,,,
1417,Group 1,White,30.30,39.7,0,30,,,,,
1418,Group 1,White,21.90,38.2,0,21,,,,,
1419,Group 1,White,20.10,28.8,0,20,,,,,
1420,Group 1,White,17.40,34.5,0,17,,,,,
1421,Group 1,White,15.80,43.2,0,15,,,,,
1422,Group 1,White,15.30,26,0,15,,,,,
1423,Group 1,White,13.50,32.4,0,13,,,,,
1424,Group 1,Non-White,12.70,38,0,12,,,,,
1425,Group 1,White,10.80,27,0,10,,,,,
1426,Group 1,White,8.40,18.2,0,8,,,,,
1427,Group 1,White,7.10,20.6,0,7,,,,,
1428,Group 1,White,6.10,36.5,0,6,,,,,
1429,Group 1,White,4.70,62.8,0,4,,,,,
1430,Group 1,White,2.10,41.9,0,2,,,,,
1431,Group 1,White,1.80,33.2,0,1,,,,,
1432,Group 1,White,1.60,32.4,0,1,,,,,
1433,Group 1,White,1.60,28.6,0,1,,,,,
1434,Group 1,White,1.30,33.3,0,1,,,,,
1435,Group 1,White,1.10,27.4,0,1,,,,,
1436,Group 1,White,0.80,36.7,0,0,,,,,
1437,Group 1,White,0.50,37.6,0,0,,,,,
1438,Group 1,White,0.30,19.5,0,0,,,,,
1439,Group 1,White,0.30,27.6,0,0,,,,,
1440,Group 1,White,0.30,40.9,0,0,,,,,
1441,Group 1,White,0.00,21.9,0,0,,,,,
1442,Group 1,White,0.00,21.1,0,0,,,,,
1443,Group 1,Non-White,83.80,67.5,1,83,,,,,
1444,Group 1,White,62.40,96.6,0,62,,,,,
1445,Group 1,White,58.50,44.9,0,58,,,,,
1446,Group 1,White,58.00,55.3,0,58,,,,,
1447,Group 1,White,55.40,66.3,0,55,,,,,
1448,Group 1,White,51.40,67.2,0,51,,,,,
1449,Group 1,White,42.60,66.3,0,42,,,,,
1450,Group 1,Non-White,39.70,49,0,39,,,,,
1451,Group 1,White,38.10,59.6,0,38,,,,,
1452,Group 1,White,36.80,37.4,0,36,,,,,
1453,Group 1,White,36.30,63.9,0,36,,,,,
1454,Group 1,White,27.40,42.3,0,27,,,,,
1455,Group 1,White,22.20,28.8,0,22,,,,,
1456,Group 1,White,21.40,38.2,0,21,,,,,
1457,Group 1,White,17.20,43.2,0,17,,,,,
1458,Group 1,White,14.90,26,0,14,,,,,
1459,Group 1,White,14.40,32.4,0,14,,,,,
1460,Group 1,White,13.60,34.5,0,13,,,,,
1461,Group 1,White,11.70,28.9,0,11,,,,,
1462,Group 1,Non-White,11.20,38,0,11,,,,,
1463,Group 1,White,11.20,27,0,11,,,,,
1464,Group 1,White,10.20,18.2,0,10,,,,,
1465,Group 1,White,8.60,20.6,0,8,,,,,
1466,Group 1,White,4.20,41.9,0,4,,,,,
1467,Group 1,White,3.70,62.8,0,3,,,,,
1468,Group 1,White,2.60,33.3,0,2,,,,,
1469,Group 1,White,2.10,28.6,0,2,,,,,
1470,Group 1,White,1.80,33.2,0,1,,,,,
1471,Group 1,White,1.30,32.4,0,1,,,,,
1472,Group 1,White,1.00,36.7,0,1,,,,,
1473,Group 1,White,1.00,27.4,0,1,,,,,
1474,Group 1,White,1.00,38.6,0,1,,,,,
1475,Group 1,Non-White,0.80,40.9,0,0,,,,,
1476,Group 1,White,0.80,30,0,0,,,,,
1477,Group 1,White,86.90,86,1,86,,,,,
1478,Group 1,White,78.60,48.2,1,78,,,,,
1479,Group 1,White,60.10,44.9,0,60,,,,,
1480,Group 1,White,50.80,55.3,0,50,,,,,
1481,Group 1,White,48.70,96.6,0,48,,,,,
1482,Group 1,White,47.90,66.3,0,47,,,,,
1483,Group 1,Non-White,44.80,49,0,44,,,,,
1484,Group 1,White,41.00,66.3,0,41,,,,,
1485,Group 1,White,38.40,40.8,0,38,,,,,
1486,Group 1,White,33.20,42.3,0,33,,,,,
1487,Group 1,White,33.20,37.4,0,33,,,,,
1488,Group 1,White,29.40,67.2,0,29,,,,,
1489,Group 1,White,22.40,38.2,0,22,,,,,
1490,Group 1,White,21.90,63.9,0,21,,,,,
1491,Group 1,White,16.00,43.2,0,16,,,,,
1492,Group 1,White,14.40,28.9,0,14,,,,,
1493,Group 1,White,14.20,27,0,14,,,,,
1494,Group 1,White,13.40,34.5,0,13,,,,,
1495,Group 1,White,12.90,32.4,0,12,,,,,
1496,Group 1,White,12.10,18.2,0,12,,,,,
1497,Group 1,White,5.90,20.6,0,5,,,,,
1498,Group 1,White,5.40,28.8,0,5,,,,,
1499,Group 1,Non-White,5.40,38,0,5,,,,,
1500,Group 1,White,3.90,28.6,0,3,,,,,
1501,Group 1,White,3.90,62.8,0,3,,,,,
1502,Group 1,White,2.30,32.4,0,2,,,,,
1503,Group 1,White,2.30,33.3,0,2,,,,,
1504,Group 1,White,2.10,33.2,0,2,,,,,
1505,Group 1,White,1.80,36.7,0,1,,,,,
1506,Group 1,White,1.80,38.6,0,1,,,,,
1507,Group 1,White,1.30,27.4,0,1,,,,,
1508,Group 1,White,0.50,30,0,0,,,,,
1509,Group 1,White,75.40,49.4,0,75,,,,,
1510,Group 1,White,72.70,86,0,72,,,,,
1511,Group 1,White,64.40,48.2,0,64,,,,,
1512,Group 1,White,51.90,44.9,0,51,,,,,
1513,Group 1,White,48.90,55.3,0,48,,,,,
1514,Group 1,White,42.80,63.3,0,42,,,,,
1515,Group 1,White,42.50,66.3,0,42,,,,,
1516,Group 1,White,40.90,96.6,0,40,,,,,
1517,Group 1,White,35.60,34.6,0,35,,,,,
1518,Group 1,White,35.60,66.3,0,35,,,,,
1519,Group 1,White,34.00,29.2,0,34,,,,,
1520,Group 1,White,32.30,40.8,0,32,,,,,
1521,Group 1,White,31.50,37.4,0,31,,,,,
1522,Group 1,White,26.00,42.3,0,26,,,,,
1523,Group 1,White,21.00,67.2,0,21,,,,,
1524,Group 1,White,21.00,63.9,0,21,,,,,
1525,Group 1,Non-White,21.00,49,0,21,,,,,
1526,Group 1,White,19.30,38.2,0,19,,,,,
1527,Group 1,White,13.30,43.2,0,13,,,,,
1528,Group 1,White,10.20,16.5,0,10,,,,,
1529,Group 1,White,9.10,32.4,0,9,,,,,
1530,Group 1,White,6.40,27,0,6,,,,,
1531,Group 1,White,6.40,18.2,0,6,,,,,
1532,Group 1,White,6.10,34.5,0,6,,,,,
1533,Group 1,White,3.60,28.9,0,3,,,,,
1534,Group 1,White,3.00,28.8,0,3,,,,,
1535,Group 1,White,3.00,38,0,3,,,,,
1536,Group 1,White,2.80,33.3,0,2,,,,,
1537,Group 1,White,2.50,62.8,0,2,,,,,
1538,Group 1,White,2.20,33.2,0,2,,,,,
1539,Group 1,White,1.90,38.6,0,1,,,,,
1540,Group 1,White,1.70,32.4,0,1,,,,,
1541,Group 1,White,1.40,27.4,0,1,,,,,
1542,Group 1,White,1.10,36.7,0,1,,,,,
1543,Group 1,White,0.80,30,0,0,,,,,
1544,Group 1,White,0.30,44.5,0,0,,,,,
1545,Group 1,White,0.30,19.7,0,0,,,,,
1546,Group 1,White,88.20,110.3,1,88,,,,,
1547,Group 1,White,77.80,56.9,1,77,,,,,
1548,Group 1,White,61.40,86,0,61,,,,,
1549,Group 1,White,58.90,49.4,0,58,,,,,
1550,Group 1,White,54.20,44.9,0,54,,,,,
1551,Group 1,White,52.10,48.2,0,52,,,,,
1552,Group 1,White,39.70,55.3,0,39,,,,,
1553,Group 1,White,38.60,66.3,0,38,,,,,
1554,Group 1,White,32.30,96.6,0,32,,,,,
1555,Group 1,White,30.40,66.3,0,30,,,,,
1556,Group 1,White,30.40,40.8,0,30,,,,,
1557,Group 1,White,30.10,42.3,0,30,,,,,
1558,Group 1,White,27.70,25.5,0,27,,,,,
1559,Group 1,White,25.80,37.4,0,25,,,,,
1560,Group 1,Non-White,21.60,49,0,21,,,,,
1561,Group 1,White,21.40,38.2,0,21,,,,,
1562,Group 1,White,20.00,63.3,0,20,,,,,
1563,Group 1,White,16.70,34.6,0,16,,,,,
1564,Group 1,White,15.30,63.9,0,15,,,,,
1565,Group 1,White,14.80,43.2,0,14,,,,,
1566,Group 1,White,14.00,29.2,0,14,,,,,
1567,Group 1,White,7.90,18.2,0,7,,,,,
1568,Group 1,White,7.70,32.4,0,7,,,,,
1569,Group 1,White,7.40,34.5,0,7,,,,,
1570,Group 1,White,5.20,27,0,5,,,,,
1571,Group 1,White,3.00,13.9,0,3,,,,,
1572,Group 1,White,2.50,28.9,0,2,,,,,
1573,Group 1,White,2.20,33.2,0,2,,,,,
1574,Group 1,White,1.90,28.8,0,1,,,,,
1575,Group 1,White,1.90,38,0,1,,,,,
1576,Group 1,White,1.60,33.3,0,1,,,,,
1577,Group 1,White,1.40,32.4,0,1,,,,,
1578,Group 1,White,1.40,8.2,0,1,,,,,
1579,Group 1,White,1.10,36.7,0,1,,,,,
1580,Group 1,White,1.10,53.2,0,1,,,,,
1581,Group 1,White,1.10,25.6,0,1,,,,,
1582,Group 1,White,0.80,40.7,0,0,,,,,
1583,Group 1,White,0.80,16.5,0,0,,,,,
1584,Group 1,White,0.80,34.6,0,0,,,,,
1585,Group 1,White,0.80,19.7,0,0,,,,,
1586,Group 1,White,0.80,43.2,0,0,,,,,
1587,Group 1,White,0.50,44.5,0,0,,,,,
1588,Group 1,White,0.50,27.4,0,0,,,,,
1589,Group 1,White,0.50,33.3,0,0,,,,,
1590,Group 1,White,83.20,99.9,1,83,,,,,
1591,Group 1,White,67.10,56.9,0,67,,,,,
1592,Group 1,White,61.80,49.4,0,61,,,,,
1593,Group 1,White,57.40,44.9,0,57,,,,,
1594,Group 1,White,56.10,86,0,56,,,,,
1595,Group 1,White,46.60,48.2,0,46,,,,,
1596,Group 1,White,41.30,70.9,0,41,,,,,
1597,Group 1,White,38.20,55.3,0,38,,,,,
1598,Group 1,White,33.40,31.6,0,33,,,,,
1599,Group 1,White,33.20,66.3,0,33,,,,,
1600,Group 1,White,30.00,37.4,0,30,,,,,
1601,Group 1,White,29.20,40.8,0,29,,,,,
1602,Group 1,White,26.60,66.3,0,26,,,,,
1603,Group 1,White,25.30,42.3,0,25,,,,,
1604,Group 1,White,24.50,25.5,0,24,,,,,
1605,Group 1,White,20.80,63.3,0,20,,,,,
1606,Group 1,White,19.20,34.6,0,19,,,,,
1607,Group 1,Non-White,19.20,49,0,19,,,,,
1608,Group 1,White,13.90,43.2,0,13,,,,,
1609,Group 1,White,12.40,29.2,0,12,,,,,
1610,Group 1,White,11.30,32,0,11,,,,,
1611,Group 1,White,8.70,47.9,0,8,,,,,
1612,Group 1,White,6.60,63.9,0,6,,,,,
1613,Group 1,White,6.10,34.5,0,6,,,,,
1614,Group 1,White,3.70,32.4,0,3,,,,,
1615,Group 1,White,3.20,28.8,0,3,,,,,
1616,Group 1,White,2.90,38,0,2,,,,,
1617,Group 1,White,2.40,32.4,0,2,,,,,
1618,Group 1,White,2.10,28.9,0,2,,,,,
1619,Group 1,White,1.80,16.5,0,1,,,,,
1620,Group 1,White,1.80,36.7,0,1,,,,,
1621,Group 1,White,1.60,48.8,0,1,,,,,
1622,Group 1,White,1.30,25.6,0,1,,,,,
1623,Group 1,White,1.30,43.2,0,1,,,,,
1624,Group 1,White,1.30,34.6,0,1,,,,,
1625,Group 1,White,1.10,13.9,0,1,,,,,
1626,Group 1,White,1.10,53.2,0,1,,,,,
1627,Group 1,White,0.80,42.5,0,0,,,,,
1628,Group 1,White,0.80,33.3,0,0,,,,,
1629,Group 1,White,0.50,27.4,0,0,,,,,
1630,Group 1,White,0.50,40.7,0,0,,,,,
1631,Group 1,White,0.50,8.2,0,0,,,,,
1632,Group 1,White,0.30,33.2,0,0,,,,,
1633,Group 1,White,0.30,33.3,0,0,,,,,
1634,Group 1,White,86.90,49,1,86,,,,,
1635,Group 1,White,85.60,59.4,1,85,,,,,
1636,Group 1,White,76.00,61.1,1,76,,,,,
1637,Group 1,White,59.30,49.4,0,59,,,,,
1638,Group 1,White,40.70,44.9,0,40,,,,,
1639,Group 1,White,39.60,70.9,0,39,,,,,
1640,Group 1,White,37.60,55.3,0,37,,,,,
1641,Group 1,White,32.60,66.3,0,32,,,,,
1642,Group 1,White,30.30,31.6,0,30,,,,,
1643,Group 1,White,29.50,48.2,0,29,,,,,
1644,Group 1,White,29.00,37.4,0,29,,,,,
1645,Group 1,White,26.50,25.5,0,26,,,,,
1646,Group 1,White,26.30,42.3,0,26,,,,,
1647,Group 1,White,26.00,40.8,0,26,,,,,
1648,Group 1,White,23.20,63.3,0,23,,,,,
1649,Group 1,White,21.20,66.3,0,21,,,,,
1650,Group 1,Non-White,16.20,49,0,16,,,,,
1651,Group 1,White,15.40,34.6,0,15,,,,,
1652,Group 1,White,13.90,43.2,0,13,,,,,
1653,Group 1,White,9.10,32,0,9,,,,,
1654,Group 1,White,7.80,47.9,0,7,,,,,
1655,Group 1,White,6.10,43.1,0,6,,,,,
1656,Group 1,White,5.30,29.2,0,5,,,,,
1657,Group 1,White,3.00,34.5,0,3,,,,,
1658,Group 1,White,2.80,63.9,0,2,,,,,
1659,Group 1,White,2.50,32.4,0,2,,,,,
1660,Group 1,White,2.50,33.3,0,2,,,,,
1661,Group 1,White,2.30,25.6,0,2,,,,,
1662,Group 1,White,2.30,34.6,0,2,,,,,
1663,Group 1,White,2.30,33.2,0,2,,,,,
1664,Group 1,White,2.00,28.9,0,2,,,,,
1665,Group 1,White,2.00,8.2,0,2,,,,,
1666,Group 1,White,1.80,38,0,1,,,,,
1667,Group 1,White,1.30,42.5,0,1,,,,,
1668,Group 1,White,1.30,48.8,0,1,,,,,
1669,Group 1,White,1.00,13.9,0,1,,,,,
1670,Group 1,White,1.00,53.2,0,1,,,,,
1671,Group 1,White,1.00,40.7,0,1,,,,,
1672,Group 1,White,1.00,27.4,0,1,,,,,
1673,Group 1,White,1.00,16.5,0,1,,,,,
1674,Group 1,White,0.80,25.6,0,0,,,,,
1675,Group 1,White,0.80,15.5,0,0,,,,,
1676,Group 1,White,0.50,30.1,0,0,,,,,
1677,Group 1,White,0.50,32.2,0,0,,,,,
1678,Group 1,White,0.50,35.1,0,0,,,,,
1679,Group 1,White,0.30,27.9,0,0,,,,,
1680,Group 1,White,67.20,59.4,0,67,,,,,
1681,Group 1,White,66.70,61.1,0,66,,,,,
1682,Group 1,White,58.90,49.4,0,58,,,,,
1683,Group 1,White,50.00,44.9,0,50,,,,,
1684,Group 1,White,45.80,55.3,0,45,,,,,
1685,Group 1,White,43.60,70.9,0,43,,,,,
1686,Group 1,White,35.30,66.3,0,35,,,,,
1687,Group 1,White,34.20,42.3,0,34,,,,,
1688,Group 1,White,34.20,31.6,0,34,,,,,
1689,Group 1,White,30.60,25.5,0,30,,,,,
1690,Group 1,White,29.20,37.4,0,29,,,,,
1691,Group 1,White,27.20,25.3,0,27,,,,,
1692,Group 1,White,26.10,63.3,0,26,,,,,
1693,Group 1,White,25.60,40.8,0,25,,,,,
1694,Group 1,White,25.00,48.2,0,25,,,,,
1695,Group 1,White,24.70,66.3,0,24,,,,,
1696,Group 1,White,23.10,34.6,0,23,,,,,
1697,Group 1,White,21.70,51.2,0,21,,,,,
1698,Group 1,White,15.00,43.2,0,15,,,,,
1699,Group 1,Non-White,10.80,49,0,10,,,,,
1700,Group 1,White,4.70,47.9,0,4,,,,,
1701,Group 1,White,4.20,32,0,4,,,,,
1702,Group 1,White,3.90,43.1,0,3,,,,,
1703,Group 1,White,3.30,34.5,0,3,,,,,
1704,Group 1,White,3.10,29.2,0,3,,,,,
1705,Group 1,White,2.80,33.2,0,2,,,,,
1706,Group 1,White,2.80,63.9,0,2,,,,,
1707,Group 1,White,2.50,32.4,0,2,,,,,
1708,Group 1,White,2.20,38,0,2,,,,,
1709,Group 1,White,1.90,28.9,0,1,,,,,
1710,Group 1,White,1.90,42.5,0,1,,,,,
1711,Group 1,White,1.90,53.2,0,1,,,,,
1712,Group 1,White,1.90,33,0,1,,,,,
1713,Group 1,White,1.40,35.1,0,1,,,,,
1714,Group 1,White,1.40,34.6,0,1,,,,,
1715,Group 1,White,1.10,25.6,0,1,,,,,
1716,Group 1,White,1.10,33.3,0,1,,,,,
1717,Group 1,White,1.10,32.2,0,1,,,,,
1718,Group 1,White,1.10,40.7,0,1,,,,,
1719,Group 1,White,0.80,13.9,0,0,,,,,
1720,Group 1,White,0.80,48.8,0,0,,,,,
1721,Group 1,White,0.80,30.1,0,0,,,,,
1722,Group 1,White,0.60,24.9,0,0,,,,,
1723,Group 1,White,0.60,16.5,0,0,,,,,
1724,Group 1,White,0.60,15.5,0,0,,,,,
1725,Group 1,White,0.60,27.9,0,0,,,,,
1726,Group 1,White,0.60,27.4,0,0,,,,,
1727,Group 1,White,0.30,26.1,0,0,,,,,
1728,Group 1,White,77.30,63,1,77,,,,,
1729,Group 1,White,55.70,49.4,0,55,,,,,
1730,Group 1,White,48.30,44.9,0,48,,,,,
1731,Group 1,White,46.70,61.1,0,46,,,,,
1732,Group 1,White,44.30,55.3,0,44,,,,,
1733,Group 1,White,42.00,70.9,0,42,,,,,
1734,Group 1,White,40.00,31.6,0,40,,,,,
1735,Group 1,White,32.30,42.3,0,32,,,,,
1736,Group 1,White,32.30,66.3,0,32,,,,,
1737,Group 1,White,30.00,37.4,0,30,,,,,
1738,Group 1,White,29.70,25.5,0,29,,,,,
1739,Group 1,White,29.30,25.3,0,29,,,,,
1740,Group 1,White,26.70,63.3,0,26,,,,,
1741,Group 1,White,26.30,57.2,0,26,,,,,
1742,Group 1,White,26.30,40.8,0,26,,,,,
1743,Group 1,White,25.00,48.2,0,25,,,,,
1744,Group 1,White,25.00,51.2,0,25,,,,,
1745,Group 1,White,20.70,35.7,0,20,,,,,
1746,Group 1,White,18.30,43.2,0,18,,,,,
1747,Group 1,White,17.00,34.6,0,17,,,,,
1748,Group 1,White,17.00,66.3,0,17,,,,,
1749,Group 1,White,9.70,53.3,0,9,,,,,
1750,Group 1,White,5.00,32,0,5,,,,,
1751,Group 1,White,4.70,26.2,0,4,,,,,
1752,Group 1,White,4.00,47.9,0,4,,,,,
1753,Group 1,White,3.70,63.9,0,3,,,,,
1754,Group 1,White,3.30,34.5,0,3,,,,,
1755,Group 1,White,3.00,28.9,0,3,,,,,
1756,Group 1,White,3.00,29.2,0,3,,,,,
1757,Group 1,White,2.70,32.4,0,2,,,,,
1758,Group 1,White,2.30,43.1,0,2,,,,,
1759,Group 1,White,2.30,34.6,0,2,,,,,
1760,Group 1,White,1.70,48.8,0,1,,,,,
1761,Group 1,White,1.70,33,0,1,,,,,
1762,Group 1,White,1.70,38,0,1,,,,,
1763,Group 1,White,1.70,53.2,0,1,,,,,
1764,Group 1,White,1.30,33.3,0,1,,,,,
1765,Group 1,White,1.00,42.5,0,1,,,,,
1766,Group 1,White,1.00,41.1,0,1,,,,,
1767,Group 1,White,0.70,35.1,0,0,,,,,
1768,Group 1,White,0.70,27.4,0,0,,,,,
1769,Group 1,White,0.70,13.9,0,0,,,,,
1770,Group 1,White,0.30,27.9,0,0,,,,,
1771,Group 1,White,0.30,32.2,0,0,,,,,
1772,Group 1,White,0.30,40.7,0,0,,,,,
1773,Group 1,White,0.30,30.1,0,0,,,,,
1774,Group 1,White,93.20,128.2,1,93,,,,,
1775,Group 1,Non-White,79.40,34.1,1,79,,,,,
1776,Group 1,White,64.10,63,0,64,,,,,
1777,Group 1,White,40.30,49.4,0,40,,,,,
1778,Group 1,White,37.60,55.3,0,37,,,,,
1779,Group 1,White,34.10,70.9,0,34,,,,,
1780,Group 1,White,32.90,31.6,0,32,,,,,
1781,Group 1,White,28.80,25.5,0,28,,,,,
1782,Group 1,White,28.50,57.2,0,28,,,,,
1783,Group 1,White,27.90,25.3,0,27,,,,,
1784,Group 1,White,27.90,61.1,0,27,,,,,
1785,Group 1,White,26.20,66.3,0,26,,,,,
1786,Group 1,White,24.10,63.3,0,24,,,,,
1787,Group 1,White,24.10,44.9,0,24,,,,,
1788,Group 1,White,22.90,40.8,0,22,,,,,
1789,Group 1,White,19.10,42.3,0,19,,,,,
1790,Group 1,White,18.20,51.2,0,18,,,,,
1791,Group 1,White,17.60,37.4,0,17,,,,,
1792,Group 1,White,16.50,48.2,0,16,,,,,
1793,Group 1,White,14.70,35.7,0,14,,,,,
1794,Group 1,White,14.10,43.2,0,14,,,,,
1795,Group 1,White,10.90,34.6,0,10,,,,,
1796,Group 1,White,9.40,47.9,0,9,,,,,
1797,Group 1,White,6.20,34.5,0,6,,,,,
1798,Group 1,White,5.90,53.3,0,5,,,,,
1799,Group 1,White,5.00,43,0,5,,,,,
1800,Group 1,White,4.10,43.1,0,4,,,,,
1801,Group 1,White,3.80,32,0,3,,,,,
1802,Group 1,White,3.20,32.4,0,3,,,,,
1803,Group 1,White,3.20,26.2,0,3,,,,,
1804,Group 1,White,2.90,63.9,0,2,,,,,
1805,Group 1,White,2.60,42.7,0,2,,,,,
1806,Group 1,White,2.40,29.2,0,2,,,,,
1807,Group 1,White,1.80,50.5,0,1,,,,,
1808,Group 1,White,1.80,33.3,0,1,,,,,
1809,Group 1,White,1.50,28.9,0,1,,,,,
1810,Group 1,White,1.20,48.8,0,1,,,,,
1811,Group 1,White,1.20,33,0,1,,,,,
1812,Group 1,White,1.20,13.9,0,1,,,,,
1813,Group 1,White,0.90,32.8,0,0,,,,,
1814,Group 1,White,0.90,38,0,0,,,,,
1815,Group 1,White,0.90,16.5,0,0,,,,,
1816,Group 1,White,0.90,40.7,0,0,,,,,
1817,Group 1,White,0.60,42.5,0,0,,,,,
1818,Group 1,White,0.60,32.2,0,0,,,,,
1819,Group 1,White,0.30,27.9,0,0,,,,,
1820,Group 1,White,84.80,55.6,1,84,,,,,
1821,Group 1,Non-White,72.40,34.1,0,72,,,,,
1822,Group 1,White,51.60,63,0,51,,,,,
1823,Group 1,White,45.60,55.3,0,45,,,,,
1824,Group 1,White,41.70,49.4,0,41,,,,,
1825,Group 1,White,36.40,70.9,0,36,,,,,
1826,Group 1,White,33.60,25.5,0,33,,,,,
1827,Group 1,White,31.40,31.6,0,31,,,,,
1828,Group 1,White,29.00,72.9,0,29,,,,,
1829,Group 1,White,28.60,66.3,0,28,,,,,
1830,Group 1,White,27.90,25.3,0,27,,,,,
1831,Group 1,White,27.20,57.2,0,27,,,,,
1832,Group 1,White,26.10,40.8,0,26,,,,,
1833,Group 1,White,23.70,63.3,0,23,,,,,
1834,Group 1,White,23.70,53.3,0,23,,,,,
1835,Group 1,White,17.00,51.2,0,17,,,,,
1836,Group 1,White,16.60,37.4,0,16,,,,,
1837,Group 1,White,16.60,48.2,0,16,,,,,
1838,Group 1,White,12.70,43.2,0,12,,,,,
1839,Group 1,White,11.70,18.9,0,11,,,,,
1840,Group 1,White,8.10,34.6,0,8,,,,,
1841,Group 1,White,7.80,35.7,0,7,,,,,
1842,Group 1,White,7.80,34.5,0,7,,,,,
1843,Group 1,White,7.80,47.9,0,7,,,,,
1844,Group 1,White,5.30,23.9,0,5,,,,,
1845,Group 1,White,4.90,32.4,0,4,,,,,
1846,Group 1,White,4.60,33.3,0,4,,,,,
1847,Group 1,White,3.90,43.1,0,3,,,,,
1848,Group 1,White,3.90,30.9,0,3,,,,,
1849,Group 1,Non-White,3.20,13.9,0,3,,,,,
1850,Group 1,White,3.20,38,0,3,,,,,
1851,Group 1,White,2.80,28.9,0,2,,,,,
1852,Group 1,White,2.80,32,0,2,,,,,
1853,Group 1,White,2.50,29.2,0,2,,,,,
1854,Group 1,White,2.10,63.9,0,2,,,,,
1855,Group 1,White,2.10,43,0,2,,,,,
1856,Group 1,White,2.10,42.7,0,2,,,,,
1857,Group 1,White,1.80,48.8,0,1,,,,,
1858,Group 1,White,1.80,26.2,0,1,,,,,
1859,Group 1,White,1.40,40.7,0,1,,,,,
1860,Group 1,White,1.40,33,0,1,,,,,
1861,Group 1,White,1.10,34.9,0,1,,,,,
1862,Group 1,White,1.10,42.5,0,1,,,,,
1863,Group 1,White,1.10,27.9,0,1,,,,,
1864,Group 1,White,0.70,32.2,0,0,,,,,
1865,Group 1,White,0.70,41.1,0,0,,,,,
1866,Group 1,White,0.70,30.1,0,0,,,,,
1867,Group 1,White,0.40,16.5,0,0,,,,,
1868,Group 1,White,72.60,55.6,0,72,,,,,
1869,Group 1,White,72.60,68.7,0,72,,,,,
1870,Group 1,Non-White,69.90,34.1,0,69,,,,,
1871,Group 1,White,49.00,63,0,49,,,,,
1872,Group 1,White,42.50,49.4,0,42,,,,,
1873,Group 1,White,42.10,55.3,0,42,,,,,
1874,Group 1,White,39.00,16.6,0,39,,,,,
1875,Group 1,White,30.80,31.6,0,30,,,,,
1876,Group 1,White,30.50,66.3,0,30,,,,,
1877,Group 1,White,30.50,70.9,0,30,,,,,
1878,Group 1,White,29.80,25.3,0,29,,,,,
1879,Group 1,White,26.40,25.5,0,26,,,,,
1880,Group 1,White,24.30,40.8,0,24,,,,,
1881,Group 1,White,22.60,57.2,0,22,,,,,
1882,Group 1,White,22.30,53.3,0,22,,,,,
1883,Group 1,White,21.20,63.3,0,21,,,,,
1884,Group 1,White,20.20,54.8,0,20,,,,,
1885,Group 1,White,17.80,44.5,0,17,,,,,
1886,Group 1,White,15.80,72.9,0,15,,,,,
1887,Group 1,White,14.70,45.9,0,14,,,,,
1888,Group 1,White,13.70,37.4,0,13,,,,,
1889,Group 1,White,13.00,43.2,0,13,,,,,
1890,Group 1,White,12.00,48.2,0,12,,,,,
1891,Group 1,White,12.00,51.2,0,12,,,,,
1892,Group 1,White,7.90,27.3,0,7,,,,,
1893,Group 1,White,6.50,47.9,0,6,,,,,
1894,Group 1,White,6.20,38,0,6,,,,,
1895,Group 1,White,5.10,34.6,0,5,,,,,
1896,Group 1,White,4.80,34.5,0,4,,,,,
1897,Group 1,White,3.40,49.6,0,3,,,,,
1898,Group 1,White,3.40,33.3,0,3,,,,,
1899,Group 1,White,3.10,32.4,0,3,,,,,
1900,Group 1,White,1.40,40.7,0,1,,,,,
1901,Group 1,White,1.00,18.9,0,1,,,,,
1902,Group 1,White,1.00,27.9,0,1,,,,,
1903,Group 1,White,0.70,35.1,0,0,,,,,
1904,Group 1,White,0.70,28.1,0,0,,,,,
1905,Group 1,White,0.70,32.9,0,0,,,,,
1906,Group 1,White,0.70,3.7,0,0,,,,,
1907,Group 1,White,0.70,31.1,0,0,,,,,
1908,Group 1,White,0.30,15.9,0,0,,,,,
1909,Group 1,White,0.30,36.8,0,0,,,,,
1910,Group 1,White,0.30,17.6,0,0,,,,,
1911,Group 1,White,0.30,3.1,0,0,,,,,
1912,Group 1,White,0.30,43,0,0,,,,,
1913,Group 1,White,0.30,2.9,0,0,,,,,
1914,Group 1,White,0.30,7.2,0,0,,,,,
1915,Group 1,White,93.40,123.1,1,93,,,,,
1916,Group 1,White,68.90,68.7,0,68,,,,,
1917,Group 1,Non-White,65.20,34.1,0,65,,,,,
1918,Group 1,White,61.90,55.6,0,61,,,,,
1919,Group 1,White,38.10,63,0,38,,,,,
1920,Group 1,White,36.10,16.6,0,36,,,,,
1921,Group 1,White,33.10,55.3,0,33,,,,,
1922,Group 1,White,31.50,66.3,0,31,,,,,
1923,Group 1,White,28.50,31.6,0,28,,,,,
1924,Group 1,White,26.80,70.9,0,26,,,,,
1925,Group 1,White,24.50,49.4,0,24,,,,,
1926,Group 1,White,23.80,25.3,0,23,,,,,
1927,Group 1,White,19.90,25.5,0,19,,,,,
1928,Group 1,White,18.50,53.3,0,18,,,,,
1929,Group 1,White,17.90,40.8,0,17,,,,,
1930,Group 1,White,11.90,72.9,0,11,,,,,
1931,Group 1,White,11.30,45.9,0,11,,,,,
1932,Group 1,White,11.30,44.5,0,11,,,,,
1933,Group 1,White,10.60,63.3,0,10,,,,,
1934,Group 1,White,10.30,57.2,0,10,,,,,
1935,Group 1,White,9.90,51.2,0,9,,,,,
1936,Group 1,White,9.60,37.4,0,9,,,,,
1937,Group 1,White,9.30,54.8,0,9,,,,,
1938,Group 1,White,8.30,47.9,0,8,,,,,
1939,Group 1,White,7.00,48.2,0,7,,,,,
1940,Group 1,White,6.60,34.5,0,6,,,,,
1941,Group 1,White,5.60,43.2,0,5,,,,,
1942,Group 1,White,5.30,50.9,0,5,,,,,
1943,Group 1,White,4.00,33.3,0,4,,,,,
1944,Group 1,White,3.00,34.6,0,3,,,,,
1945,Group 1,White,2.30,38,0,2,,,,,
1946,Group 1,White,2.30,49.6,0,2,,,,,
1947,Group 1,White,2.00,13.9,0,2,,,,,
1948,Group 1,White,1.70,40.7,0,1,,,,,
1949,Group 1,White,1.70,3.7,0,1,,,,,
1950,Group 1,White,1.30,18.3,0,1,,,,,
1951,Group 1,White,1.30,25.5,0,1,,,,,
1952,Group 1,White,1.30,17.6,0,1,,,,,
1953,Group 1,White,1.00,31.1,0,1,,,,,
1954,Group 1,White,0.70,3.8,0,0,,,,,
1955,Group 1,White,0.70,36.8,0,0,,,,,
1956,Group 1,White,0.70,12.6,0,0,,,,,
1957,Group 1,White,0.70,5.1,0,0,,,,,
1958,Group 1,White,0.70,35.1,0,0,,,,,
1959,Group 1,White,0.30,15.9,0,0,,,,,
1960,Group 1,White,0.30,14.5,0,0,,,,,
1961,Group 1,White,0.30,25.5,0,0,,,,,
1962,Group 1,White,0.30,17.5,0,0,,,,,
1963,Group 1,White,0.30,21.2,0,0,,,,,
1964,Group 1,White,94.00,74.4,1,94,,,,,
1965,Group 1,White,91.50,68.7,1,91,,,,,
1966,Group 1,Non-White,68.70,34.1,0,68,,,,,
1967,Group 1,White,64.70,55.6,0,64,,,,,
1968,Group 1,White,23.40,66.3,0,23,,,,,
1969,Group 1,White,21.40,63,0,21,,,,,
1970,Group 1,White,16.90,16.6,0,16,,,,,
1971,Group 1,White,10.00,25.3,0,10,,,,,
1972,Group 1,White,9.00,43.6,0,9,,,,,
1973,Group 1,White,8.50,31.6,0,8,,,,,
1974,Group 1,White,7.00,44.5,0,7,,,,,
1975,Group 1,White,6.00,70.9,0,6,,,,,
1976,Group 1,White,6.00,24.1,0,6,,,,,
1977,Group 1,White,5.50,40.8,0,5,,,,,
1978,Group 1,White,4.50,45.9,0,4,,,,,
1979,Group 1,White,4.50,54.8,0,4,,,,,
1980,Group 1,White,4.00,53.3,0,4,,,,,
1981,Group 1,White,4.00,37.4,0,4,,,,,
1982,Group 1,White,3.00,25.5,0,3,,,,,
1983,Group 1,White,3.00,72.9,0,3,,,,,
1984,Group 1,White,2.50,17.4,0,2,,,,,
1985,Group 1,White,2.50,51.2,0,2,,,,,
1986,Group 1,White,1.50,48.2,0,1,,,,,
1987,Group 1,White,1.50,63.3,0,1,,,,,
1988,Group 1,White,1.50,49.4,0,1,,,,,
1989,Group 1,White,1.00,5.1,0,1,,,,,
1990,Group 1,White,0.50,47.9,0,0,,,,,
1991,Group 1,White,0.50,50.9,0,0,,,,,
1992,Group 1,White,0.50,34.6,0,0,,,,,
1993,Group 1,White,0.50,57.2,0,0,,,,,
1994,Group 1,White,93.80,63.9,1,93,,,,,
1995,Group 1,Non-White,77.50,61.4,1,77,,,,,
1996,Group 1,White,50.60,52.7,0,50,,,,,
1997,Group 1,White,45.00,68.7,0,45,,,,,
1998,Group 1,White,30.60,55.4,0,30,,,,,
1999,Group 1,White,30.00,74.4,0,30,,,,,
2000,Group 1,White,27.50,40.8,0,27,,,,,
2001,Group 1,White,26.90,52.8,0,26,,,,,
2002,Group 1,White,24.40,38.9,0,24,,,,,
2003,Group 1,White,21.20,55.6,0,21,,,,,
2004,Group 1,White,19.40,46.7,0,19,,,,,
2005,Group 1,White,18.80,65,0,18,,,,,
2006,Group 1,White,12.50,38.5,0,12,,,,,
2007,Group 1,White,12.50,35.3,0,12,,,,,
2008,Group 1,White,11.20,51.8,0,11,,,,,
2009,Group 1,White,11.20,43.6,0,11,,,,,
2010,Group 1,White,10.00,31.6,0,10,,,,,
2011,Group 1,White,9.40,45.8,0,9,,,,,
2012,Group 1,White,9.40,25.5,0,9,,,,,
2013,Group 1,White,8.80,70.9,0,8,,,,,
2014,Group 1,White,8.80,66.1,0,8,,,,,
2015,Group 1,White,8.10,27.1,0,8,,,,,
2016,Group 1,White,7.50,63,0,7,,,,,
2017,Group 1,Non-White,6.90,16.6,0,6,,,,,
2018,Group 1,White,6.20,51.2,0,6,,,,,
2019,Group 1,White,5.00,50,0,5,,,,,
2020,Group 1,White,4.40,28.4,0,4,,,,,
2021,Group 1,White,4.40,30.1,0,4,,,,,
2022,Group 1,White,4.40,44.5,0,4,,,,,
2023,Group 1,White,3.80,42.5,0,3,,,,,
2024,Group 1,White,3.80,37.2,0,3,,,,,
2025,Group 1,White,3.80,72.9,0,3,,,,,
2026,Group 1,White,3.80,17.4,0,3,,,,,
2027,Group 1,White,3.80,35.3,0,3,,,,,
2028,Group 1,White,3.10,24.1,0,3,,,,,
2029,Group 1,White,3.10,53.3,0,3,,,,,
2030,Group 1,White,3.10,45.9,0,3,,,,,
2031,Group 1,White,3.10,25.3,0,3,,,,,
2032,Group 1,White,3.10,49.4,0,3,,,,,
2033,Group 1,White,2.50,54.8,0,2,,,,,
2034,Group 1,White,2.50,9.3,0,2,,,,,
2035,Group 1,White,2.50,57.2,0,2,,,,,
2036,Group 1,White,2.50,63.3,0,2,,,,,
2037,Group 1,White,1.90,35.7,0,1,,,,,
2038,Group 1,White,1.90,47.9,0,1,,,,,
2039,Group 1,White,1.90,48,0,1,,,,,
2040,Group 1,White,1.90,32.5,0,1,,,,,
2041,Group 1,White,1.20,24.5,0,1,,,,,
2042,Group 1,White,1.20,43.2,0,1,,,,,
2043,Group 1,White,1.20,13.4,0,1,,,,,
2044,Group 1,White,1.20,32,0,1,,,,,
2045,Group 1,White,1.20,30.8,0,1,,,,,
2046,Group 1,White,1.20,34.6,0,1,,,,,
2047,Group 1,White,1.20,46.6,0,1,,,,,
2048,Group 1,White,0.60,5.1,0,0,,,,,
2049,Group 1,White,0.60,30.1,0,0,,,,,
2050,Group 1,White,0.60,25.3,0,0,,,,,
2051,Group 1,White,0.60,61.2,0,0,,,,,
2052,Group 1,White,0.60,29.6,0,0,,,,,
2053,Group 1,White,0.60,34.7,0,0,,,,,
2054,Group 1,White,0.60,15.3,0,0,,,,,
2055,Group 1,White,0.60,9.9,0,0,,,,,
2056,Group 1,White,0.60,43.1,0,0,,,,,
2057,Group 1,White,0.60,42.7,0,0,,,,,
2058,Group 1,White,0.60,50.9,0,0,,,,,
2059,Group 1,White,0.60,29.2,0,0,,,,,
2060,Group 1,White,0.60,25.3,0,0,,,,,
2061,Group 1,White,0.60,18.9,0,0,,,,,
2062,Group 1,White,0.60,50.4,0,0,,,,,
2063,Group 1,White,0.60,3.8,0,0,,,,,
2064,Group 1,White,0.60,32.1,0,0,,,,,
2065,Group 1,White,0.60,44,0,0,,,,,
2066,Group 1,White,0.60,8.4,0,0,,,,,
2067,Group 1,White,0.60,34.9,0,0,,,,,
2068,Group 1,White,0.60,35.4,0,0,,,,,
2069,Group 1,White,0.60,27.1,0,0,,,,,
2070,Group 1,White,0.60,26,0,0,,,,,
2071,Group 1,White,0.60,23.5,0,0,,,,,
2072,Group 1,White,0.60,16.5,0,0,,,,,